IslandCode,IslandName,SiteCode,SiteName,SurveyYear,ReserveStatus,Alloclinus holderi,Aplysia californica,Centrostephanus coronatus,Coryphopterus nicholsi,Crassedoma giganteum,Cryptochiton stelleri,Cypraea spadicea,Eisenia arborea,Haliotis assimilis,Haliotis corrugata,Haliotis fulgens,Haliotis rufescens,Haliotis sorenseni,Kelletia kelletii,Laminaria farlowii,Lithopoma gibberosa,Lophogorgia chilensis,Lytechinus anamesus,Lythrypnus dalli,Macrocystis pyrifera,Megastraea undosa,Megathura crenulata,Muricea californica,Muricea fruticosa,Panulirus interruptus,Parastichopus parvimensis,Patiria miniata,Pisaster giganteus,Pisaster ochraceus,Pterygophora californica,Pycnopodia helianthoides,Sargassum horneri,Strongylocentrotus franciscanus,Strongylocentrotus purpuratus,Styela montereyensis,Stylaster californicus,Tegula regina,Tethya aurantia,Urticina lofotensis,Undaria pinnatifida
AN,Anacapa Island,AR,Admiral's Reef,2005,Outside,916.6,7,1250,6500,15.2,0,83.4,333.4,0,0,0,0,0,4.2,0,0,76.39999999999999,0,0,450,0,12.6,32,2.8,5.6,916.6,4000,70,0,0,0,0,12250,11000,0,0,0,7,0,0
AN,Anacapa Island,AR,Admiral's Reef,2006,Outside,250,2.8,916.6,2833.4,32,0,0,0,0,0,0,0,0,58.4,0,0,69.4,0,0,0,0,69.4,20.8,8.4,1.4,833.4,2666.6,100,0,0,0,0,20916.6,12416.6,0,0,83.4,15.2,0,0
AN,Anacapa Island,AR,Admiral's Reef,2007,Outside,500,9.799999999999999,1000,5583.4000000000005,65.19999999999999,0,83.4,0,0,0,0,0,0,55.599999999999994,0,0,68,0,0,5,0,62.4,18,2.8,0,1083.3999999999999,4000,40,0,0,0,0,18416.6,14916.6,0,0,83.4,84.8,0,0
AN,Anacapa Island,AR,Admiral's Reef,2008,Outside,250,12.6,1500,3500,20.8,0,83.4,0,0,0,0,0,0,2.8,0,0,45.8,19.400000000000002,0,0,0,84.8,23.599999999999998,2.8,1.4,583.4,3916.6,90,0,0,0,0,17083.4,11416.6,0,0,0,59.8,0,0
AN,Anacapa Island,AR,Admiral's Reef,2009,Outside,166.6,27.799999999999997,1833.3999999999999,5750,25,0,166.6,0,0,0,0,0,0,47.199999999999996,0,0,63.8,43,0,0,0,95.8,25,7,4.2,583.4,4666.5999999999995,190,0,0,0,0,17333.4,9083.4,0,0,83.4,93,0,0
AN,Anacapa Island,AR,Admiral's Reef,2010,Outside,83.4,19.400000000000002,1500,2250,18,0,0,0,0,0,0,0,0,34.8,41.6,0,65.19999999999999,2.8,0,0,83.4,108.39999999999999,44.4,7,4.2,1416.6000000000001,4500,110,0,0,0,0,15500,11000,0,0,0,63.8,0,0
AN,Anacapa Island,AR,Admiral's Reef,2011,Outside,0,8.4,1083.3999999999999,666.6,13.799999999999999,0,166.6,0,0,0,0,0,0,1.4,0,0,59.8,4.2,0,0,0,443,36.2,5.6,0,1000,3583.4,180,0,0,0,0,15333.4,15000,0,0,0,59.8,0,0
AN,Anacapa Island,AR,Admiral's Reef,2012,Outside,0,0,1833.3999999999999,4750,19.400000000000002,0,500,0,0,0,0,0,0,32,0,0,9.799999999999999,0,0,0,0,505.6,23.599999999999998,4.2,0,583.4,3583.4,140,0,0,0,0,14000,10250,0,0,250,58.4,13.799999999999999,0
AN,Anacapa Island,AR,Admiral's Reef,2013,Outside,0,7,916.6,5583.4000000000005,22.2,0,83.4,0,0,0,0,0,0,19.400000000000002,0,0,36.2,0,0,0,0,297.20000000000005,18,2.8,0,750,2666.6,80,0,0,0,5,11333.4,750,0,0,0,48.599999999999994,0,0
AN,Anacapa Island,AR,Admiral's Reef,2014,Outside,0,8.4,583.4,3916.6,26.4,0,0,250,0,0,0,0,0,4.2,0,0,36.2,1.4,0,0,0,65.19999999999999,15.2,1.4,4.2,583.4,2416.6,8.4,0,0,0,12070,6500,1833.3999999999999,0,0,250,80.60000000000001,4.2,0
AN,Anacapa Island,AR,Admiral's Reef,2015,Outside,0,0,1333.3999999999999,1833.3999999999999,55.599999999999994,0,0,500,0,1.4,0,0,0,8.4,0,0,19.400000000000002,0,0,515,0,4.2,16.6,2.8,2.8,1166.6000000000001,1000,1.4,0,41.6,0,20325,2500,250,0,0,83.4,63.8,0,0
AN,Anacapa Island,AR,Admiral's Reef,2016,Outside,0,16.6,2750,166.6,43,0,0,0,0,0,0,0,0,32,0,0,11.2,9.799999999999999,0,560,166.6,7,15.2,4.2,11.2,750,166.6,0,0,0,0,12160,2750,166.6,0,0,0,61.199999999999996,0,0
AN,Anacapa Island,AR,Admiral's Reef,2017,Outside,0,11.2,2416.6,1083.3999999999999,141.6,0,83.4,83.4,0,0,0,0,0,108.39999999999999,0,0,5.6,112.4,83.4,3375,500,94.39999999999999,16.6,7,36.2,250,250,0,0,0,0,16204.999999999998,5333.4000000000005,3666.6,0,0,0,41.6,0,0
AN,Anacapa Island,AR,Admiral's Reef,2018,Outside,1833.3999999999999,9.799999999999999,1833.3999999999999,666.6,184.79999999999998,0,0,250,0,0,0,0,0,102.8,41.6,0,20.8,25,166.6,190,1000,93,16.6,7,32,250,416.6,0,0,0,0,8060.000000000001,6000,33083.399999999994,0,0,0,7,0,0
AN,Anacapa Island,AR,Admiral's Reef,2019,Outside,1166.6000000000001,0,4416.5999999999995,0,159.8,0,0,0,0,0,0,0,0,141.6,0,0,12.6,1.4,0,1510,1083.3999999999999,26.4,29.2,2.8,15.2,83.4,333.4,0,0,0,0,15895,4250,26750,0,0,0,2.8,0,0
AN,Anacapa Island,BSBR,Black Sea Bass Reef,2005,Inside,2416.6,0,1750,2250,8.4,0,250,0,0,0,0,0,0,1.4,0,0,8.4,4.2,0,0,166.6,191.6,1.4,7,9.799999999999999,583.4,250,50,0,0,0,0,9250,1333.3999999999999,0,0,0,36.2,0,0
AN,Anacapa Island,BSBR,Black Sea Bass Reef,2006,Inside,2583.4,0,1000,1666.6000000000001,4.2,0,416.6,0,0,0,0,0,0,1.4,0,0,4.2,0,0,0,166.6,233.4,2.8,5.6,16.6,1166.6000000000001,83.4,30,0,0,0,0,11666.6,4500,0,0,166.6,20.8,0,0
AN,Anacapa Island,BSBR,Black Sea Bass Reef,2007,Inside,1666.6000000000001,0,333.4,2000,5.6,0,83.4,0,0,0,0,0,0,0,0,0,13.799999999999999,0,416.6,5,333.4,163.8,1.4,2.8,47.199999999999996,2166.6,416.6,90,0,0,0,0,3833.4,4416.5999999999995,0,0,0,7,0,0
AN,Anacapa Island,BSBR,Black Sea Bass Reef,2008,Inside,1250,0,1000,1500,5.6,0,0,0,0,0,0,0,0,1.4,0,0,4.2,2.8,416.6,130,166.6,136.2,0,1.4,9.799999999999999,1500,250,10,0,0,0,0,4750,11833.4,0,0,0,44.4,0,0
AN,Anacapa Island,BSBR,Black Sea Bass Reef,2009,Inside,1833.3999999999999,0,1000,3083.4,9.799999999999999,0,250,0,0,0,0,0,0,36.2,41.6,0,9.799999999999999,0,1000,30,166.6,75,1.4,2.8,80.60000000000001,2750,83.4,30,0,0,0,0,6250,63500,0,0,83.4,47.199999999999996,0,0
AN,Anacapa Island,BSBR,Black Sea Bass Reef,2010,Inside,500,1.4,2083.4,3750,11.2,0,250,0,0,0,0,0,0,16.6,0,0,8.4,0,333.4,160,83.4,15.2,1.4,2.8,41.6,4000,250,80,0,0,0,0,5250,69583.4,0,0,83.4,68,0,0
AN,Anacapa Island,BSBR,Black Sea Bass Reef,2011,Inside,416.6,0,916.6,6250,12.6,0,416.6,0,0,0,0,0,0,0,0,0,5.6,2.8,166.6,0,0,11.2,1.4,2.8,13.799999999999999,3500,333.4,50,0,0,0,0,4166.5999999999995,46583.399999999994,0,0,250,94.39999999999999,0,0
AN,Anacapa Island,BSBR,Black Sea Bass Reef,2012,Inside,83.4,0,666.6,5166.5999999999995,9.799999999999999,0,0,125,0,0,0,0,0,1.4,41.6,0,9.799999999999999,0,0,10,83.4,4.2,0,0,105.6,2916.6,83.4,100,0,0,0,235,583.4,9500,0,0,250,34.8,0,0
AN,Anacapa Island,BSBR,Black Sea Bass Reef,2013,Inside,250,0,916.6,4916.5999999999995,5.6,0,166.6,0,0,0,0,0,0,0,583.4,0,13.799999999999999,1.4,0,65,83.4,1.4,1.4,0,87.4,2000,250,40,0,0,0,7160,333.4,1166.6000000000001,0,0,83.4,69.4,0,0
AN,Anacapa Island,BSBR,Black Sea Bass Reef,2014,Inside,333.4,0,2166.6,3083.4,0,0,83.4,41.6,0,0,0,0,0,0,1500,0,5.6,0,83.4,110,166.6,0,1.4,0,51.4,1416.6000000000001,83.4,2.8,0,0,0,9975,416.6,500,0,0,0,79.2,0,0
AN,Anacapa Island,BSBR,Black Sea Bass Reef,2015,Inside,1416.6000000000001,0,3666.6,1000,16.6,0,250,125,0,0,0,0,0,2.8,1416.6000000000001,0,2.8,4.2,1083.3999999999999,110,333.4,0,0,0,252.8,916.6,0,0,0,0,0,64379.99999999999,0,83.4,0,0,83.4,72.2,0,0
AN,Anacapa Island,BSBR,Black Sea Bass Reef,2016,Inside,2750,0,6583.4000000000005,166.6,20.8,0,0,0,0,0,0,0,0,20.8,0,0,5.6,0,2500,20,250,0,1.4,0,172.2,416.6,0,0,0,0,0,85730,166.6,0,0,0,0,48.599999999999994,0,0
AN,Anacapa Island,BSBR,Black Sea Bass Reef,2017,Inside,2583.4,0,5416.5999999999995,2083.4,11.2,0,83.4,83.4,0,0,0,0,0,1.4,750,0,15.2,258.40000000000003,2916.6,160,500,0,2.8,2.8,125,750,0,0,0,0,0,40775,250,583.4,0,0,0,29.2,0,0
AN,Anacapa Island,BSBR,Black Sea Bass Reef,2018,Inside,10833.4,0,2583.4,666.6,47.199999999999996,0,0,83.4,0,1.4,0,0,0,16.6,5291.5999999999995,0,202.8,5.6,4500,220,2500,0,23.599999999999998,1.4,265.2,833.4,0,1.4,0,0,0,14765,83.4,83.4,0,0,166.6,11.2,0,0
AN,Anacapa Island,BSBR,Black Sea Bass Reef,2019,Inside,2333.4,4.2,4583.4000000000005,500,15.2,0,83.4,0,0,0,0,0,0,7,1208.3999999999999,0,297.20000000000005,2750,2166.6,145,3416.6,0,102.8,5.6,30.599999999999998,833.4,0,1.4,0,0,0,8735,166.6,500,0,0,250,9.799999999999999,0,0
AN,Anacapa Island,CC,Cathedral Cove,2005,Inside,500,7,0,416.6,18,0,83.4,125,0,1.4,0,0,0,0,8291.6,0,0,0,0,1150,4500,32,0,0,7,3583.4,166.6,0,0,0,0,0,6416.5999999999995,916.6,0,0,0,1.4,0,0
AN,Anacapa Island,CC,Cathedral Cove,2006,Inside,750,0,83.4,416.6,26.4,0,83.4,375,0,0,0,0,0,2.8,13708.4,0,0,0,0,835,5833.4000000000005,32,0,0,18,3166.6,0,0,0,0,0,0,12500,2750,0,0,0,1.4,0,0
AN,Anacapa Island,CC,Cathedral Cove,2007,Inside,1166.6000000000001,0,0,500,54.199999999999996,0,166.6,41.6,0,0,0,0,0,18,25125,0,0,0,0,395,5166.5999999999995,27.799999999999997,0,0,30.599999999999998,1583.3999999999999,0,0,0,0,0,0,7416.5999999999995,2583.4,0,0,0,1.4,0,0
AN,Anacapa Island,CC,Cathedral Cove,2008,Inside,1083.3999999999999,0,83.4,500,30.599999999999998,0,83.4,250,0,0,0,0,0,0,29083.4,0,0,0,0,795,3000,33.4,0,0,41.6,1666.6000000000001,0,0,0,0,0,0,8500,3416.6,0,0,0,2.8,0,0
AN,Anacapa Island,CC,Cathedral Cove,2009,Inside,916.6,0,0,2166.6,30.599999999999998,0,83.4,416.6,0,1.4,0,0,0,0,31833.4,0,0,0,0,620,1333.3999999999999,2.8,0,0,15.2,2500,0,0,0,125,1.4,0,5500,2333.4,0,0,0,4.2,0,0
AN,Anacapa Island,CC,Cathedral Cove,2010,Inside,333.4,0,0,333.4,13.799999999999999,0,166.6,375,0,2.8,0,0,0,7,29916.6,0,0,0,0,745,333.4,0,0,0,25,3000,0,20,0,83.4,0,0,8333.4,3666.6,0,0,0,8.4,0,0
AN,Anacapa Island,CC,Cathedral Cove,2011,Inside,0,0,0,250,9.799999999999999,0,83.4,333.4,0,1.4,0,0,0,0,42125,0,0,0,0,1250,333.4,0,0,0,58.4,2333.4,0,10,0,41.6,0,0,8750,5166.5999999999995,0,0,0,4.2,0,0
AN,Anacapa Island,CC,Cathedral Cove,2012,Inside,0,0,0,1750,33.4,0,166.6,375,0,2.8,0,0,0,0,54208.399999999994,0,1.4,0,0,605,750,12.6,0,0,18,3000,0,20,0,0,0,0,8583.4,3333.4,0,0,0,5.6,0,0
AN,Anacapa Island,CC,Cathedral Cove,2013,Inside,0,0,0,1166.6000000000001,38.800000000000004,0,0,250,0,2.8,0,0,0,0,37083.399999999994,0,0,1.4,0,395,583.4,1.4,0,0,37.400000000000006,1916.6000000000001,0,0,0,0,0,0,8083.4,3666.6,0,0,0,7,0,0
AN,Anacapa Island,CC,Cathedral Cove,2014,Inside,83.4,8.4,0,750,40.2,0,83.4,1625,0,2.8,0,0,0,0,43541.600000000006,0,1.4,0,0,1340,83.4,1.4,0,0,18,2833.4,0,2.8,0,0,0,310,6750,2416.6,0,0,0,7,0,0
AN,Anacapa Island,CC,Cathedral Cove,2015,Inside,0,12.6,83.4,333.4,57,0,0,2333.4,0,2.8,0,0,0,0,16125,0,0,0,0,605,750,0,0,0,52.8,1750,0,0,0,41.6,0,5880,3250,666.6,0,0,0,0,0,0
AN,Anacapa Island,CC,Cathedral Cove,2016,Inside,500,11.2,583.4,0,20.8,0,0,2750,0,0,0,0,0,16.6,3958.4,0,0,0,83.4,895,1000,0,0,0,41.6,2000,0,0,0,0,0,5270,500,0,0,0,0,0,0,0
AN,Anacapa Island,CC,Cathedral Cove,2017,Inside,1333.3999999999999,5.6,166.6,0,27.799999999999997,0,83.4,666.6,0,4.2,0,0,0,52.8,60833.399999999994,0,0,0,0,1435,2083.4,0,0,0,52.8,1000,0,5.6,0,0,0,6225,83.4,83.4,0,0,0,0,0,0
AN,Anacapa Island,CC,Cathedral Cove,2018,Inside,1833.3999999999999,1.4,166.6,0,32,0,0,583.4,0,0,15.2,0,0,52.8,6958.4000000000005,0,0,2.8,0,730,1333.3999999999999,0,0,0,138.8,1416.6000000000001,0,1.4,0,0,0,5310,916.6,83.4,0,0,0,1.4,0,0
AN,Anacapa Island,CC,Cathedral Cove,2019,Inside,750,0,416.6,0,40.2,0,0,625,0,4.2,12.6,0,0,8.4,10500,0,0,2.8,0,450,1916.6000000000001,0,0,0,136.2,1583.3999999999999,0,1.4,0,0,0,13355,333.4,83.4,0,0,0,0,0,0
AN,Anacapa Island,EFC,East Fish Camp,2005,Outside,500,45.8,2583.4,5750,68,0,416.6,0,0,0,0,0,0,36.2,0,0,15.2,179.2,0,0,1166.6000000000001,70.8,7,4.2,0,583.4,1333.3999999999999,50,0,0,0,0,35833.399999999994,132166.59999999998,0,0,0,13.799999999999999,0,0
AN,Anacapa Island,EFC,East Fish Camp,2006,Outside,583.4,79.2,2000,4083.4,45.8,0,666.6,0,0,0,0,0,0,111.19999999999999,0,0,13.799999999999999,326.40000000000003,0,0,1416.6000000000001,141.6,7,1.4,0,250,1833.3999999999999,20,0,0,0,0,30166.6,150333.40000000002,0,0,83.4,12.6,0,0
AN,Anacapa Island,EFC,East Fish Camp,2007,Outside,750,165.20000000000002,1750,6333.4000000000005,43,0,583.4,0,0,0,0,0,0,147.2,0,0,16.6,761.1999999999999,0,0,1250,194.39999999999998,11.2,2.8,0,583.4,2000,20,0,0,0,0,24666.6,97083.4,0,0,0,44.4,0,0
AN,Anacapa Island,EFC,East Fish Camp,2008,Outside,166.6,102.8,916.6,2166.6,18,0,333.4,0,0,0,0,0,0,7,0,166.6,8.4,647.2,0,0,1500,272.2,13.799999999999999,2.8,0,2166.6,1000,0,0,0,0,0,23583.4,123250,0,0,83.4,33.4,0,0
AN,Anacapa Island,EFC,East Fish Camp,2009,Outside,166.6,161.20000000000002,1583.3999999999999,4583.4000000000005,55.599999999999994,0,583.4,0,0,0,0,0,0,222.20000000000002,0,0,9.799999999999999,511.2,0,0,1083.3999999999999,263.79999999999995,4.2,2.8,7,916.6,2333.4,30,0,0,0,0,29666.6,191250,0,0,83.4,19.400000000000002,0,0
AN,Anacapa Island,EFC,East Fish Camp,2010,Outside,0,118,1750,3666.6,16.6,0,666.6,0,0,0,0,0,0,29.2,0,0,7,332,0,0,750,170.8,4.2,4.2,0,666.6,2916.6,110,0,0,1.4,0,33416.600000000006,232750,0,0,0,20.8,0,0
AN,Anacapa Island,EFC,East Fish Camp,2011,Outside,0,157,1416.6000000000001,1250,20.8,0,1416.6000000000001,291.6,0,0,0,0,0,9.799999999999999,0,0,9.799999999999999,201.4,0,5,250,352.8,8.4,5.6,0,666.6,2583.4,100,0,0,4.2,0,33000,228416.59999999998,0,0,250,45.8,0,0
AN,Anacapa Island,EFC,East Fish Camp,2012,Outside,83.4,179.2,1916.6000000000001,10416.6,40.2,0,250,166.6,0,0,0,0,0,11.2,0,83.4,12.6,105.6,0,0,250,80.60000000000001,11.2,7,0,333.4,1750,50,0,0,5.6,0,19666.6,120666.6,0,0,83.4,59.8,0,0
AN,Anacapa Island,EFC,East Fish Camp,2013,Outside,0,25,1416.6000000000001,7416.5999999999995,38.800000000000004,0,416.6,83.4,0,0,0,0,0,18,0,83.4,7,61.199999999999996,0,10,0,23.599999999999998,11.2,4.2,0,750,1500,130,0,0,1.4,5,20666.6,135833.40000000002,0,0,166.6,59.8,0,0
AN,Anacapa Island,EFC,East Fish Camp,2014,Outside,0,100,1666.6000000000001,2916.6,66.60000000000001,0,1000,0,0,0,0,0,0,119.4,0,0,2.8,40.2,0,0,583.4,20.8,2.8,4.2,0,0,166.6,0,0,0,0,2190,15583.4,119416.6,0,0,83.4,26.4,0,0
AN,Anacapa Island,EFC,East Fish Camp,2015,Outside,0,129.20000000000002,6833.4000000000005,916.6,58.4,0,833.4,333.4,0,0,0,0,0,72.2,0,0,5.6,58.4,0,45,833.4,11.2,5.6,2.8,0,416.6,416.6,0,0,0,0,51750,9750,85666.6,0,0,0,20.8,0,0
AN,Anacapa Island,EFC,East Fish Camp,2016,Outside,166.6,72.2,5500,333.4,23.599999999999998,0,666.6,166.6,0,0,0,0,0,177.8,0,0,4.2,44.4,0,110,750,8.4,5.6,1.4,0,333.4,0,0,0,0,0,14125,9000,49000,0,0,0,9.799999999999999,0,0
AN,Anacapa Island,EFC,East Fish Camp,2017,Outside,416.6,23.599999999999998,4416.5999999999995,166.6,61.199999999999996,0,666.6,0,0,0,0,0,0,43,0,0,1.4,1059.8000000000002,83.4,0,1750,16.6,7,1.4,0,333.4,83.4,0,0,0,0,0,8250,35416.600000000006,0,0,83.4,9.799999999999999,0,0
AN,Anacapa Island,EFC,East Fish Camp,2018,Outside,166.6,30.599999999999998,2500,83.4,55.599999999999994,0,1500,0,0,8.4,1.4,0,0,59.8,0,0,2.8,795.8,0,0,7416.5999999999995,48.599999999999994,7,1.4,0,416.6,0,1.4,0,0,0,5,6333.4000000000005,40416.600000000006,0,0,166.6,1.4,0,0
AN,Anacapa Island,EFC,East Fish Camp,2019,Outside,1333.3999999999999,7,3083.4,166.6,80.60000000000001,0,1166.6000000000001,0,0,0,0,0,0,144.4,0,0,0,832,0,0,10416.6,34.8,9.799999999999999,0,1.4,83.4,416.6,0,0,0,0,160,3000,29166.6,0,0,0,1.4,0,0
AN,Anacapa Island,LC,Landing Cove,2005,Inside,500,0,83.4,416.6,568,0,250,1458.3999999999999,0,0,0,0,0,8.4,29916.6,0,8.4,0,0,1700,666.6,36.2,0,1.4,82,250,166.6,0,0,2166.6,0,0,5500,2666.6,0,0,0,7,0,0
AN,Anacapa Island,LC,Landing Cove,2006,Inside,166.6,1.4,83.4,0,377.8,0,83.4,2791.6,0,0,0,0,0,9.799999999999999,32291.600000000002,0,4.2,0,0,1505,1000,26.4,0,0,32,916.6,0,40,0,2500,0,0,7250,4750,0,0,0,8.4,0,0
AN,Anacapa Island,LC,Landing Cove,2007,Inside,333.4,0,0,0,186.20000000000002,0,583.4,3750,0,0,0,0,0,13.799999999999999,47791.600000000006,0,9.799999999999999,0,0,280,583.4,45.8,0,0,16.6,1333.3999999999999,0,0,0,2500,0,0,7000,4166.5999999999995,0,0,0,9.799999999999999,1.4,0
AN,Anacapa Island,LC,Landing Cove,2008,Inside,666.6,1.4,0,166.6,234.8,0,83.4,2500,0,5.6,0,0,0,1.4,50083.399999999994,0,2.8,0,0,655,583.4,23.599999999999998,2.8,0,27.799999999999997,1500,0,70,0,2083.4,0,0,3833.4,3750,0,0,0,12.6,0,0
AN,Anacapa Island,LC,Landing Cove,2009,Inside,166.6,1.4,0,83.4,86.2,0,333.4,2041.6,0,2.8,0,0,0,5.6,72625,0,2.8,0,0,220,416.6,12.6,0,1.4,8.4,1750,0,40,0,6541.5999999999995,0,0,3833.4,5250,0,0,416.6,13.799999999999999,0,0
AN,Anacapa Island,LC,Landing Cove,2010,Inside,0,0,0,333.4,68,0,250,2541.6,0,2.8,0,0,0,16.6,38875,0,2.8,0,0,190,83.4,8.4,0,0,13.799999999999999,666.6,166.6,10,0,20583.4,0,0,5583.4000000000005,8000,0,0,0,11.2,0,0
AN,Anacapa Island,LC,Landing Cove,2011,Inside,0,0,0,0,45.8,0,250,3500,0,0,0,0,0,0,33708.399999999994,0,1.4,0,0,100,166.6,22.2,1.4,0,33.4,833.4,0,10,0,12625,0,0,8583.4,16083.400000000001,0,0,0,19.400000000000002,0,0
AN,Anacapa Island,LC,Landing Cove,2012,Inside,0,0,0,416.6,108.39999999999999,0,0,3000,0,4.2,0,0,0,8.4,31083.4,0,4.2,0,0,370,83.4,11.2,1.4,0,9.799999999999999,500,0,20,0,15416.6,0,0,4166.5999999999995,5333.4000000000005,0,0,0,16.6,0,0
AN,Anacapa Island,LC,Landing Cove,2013,Inside,0,0,166.6,833.4,133.39999999999998,0,166.6,3291.6,0,2.8,0,0,0,5.6,52541.600000000006,0,2.8,0,0,430,666.6,22.2,1.4,0,40.2,1083.3999999999999,0,40,0,5625,0,15,5333.4000000000005,4250,0,0,83.4,13.799999999999999,0,0
AN,Anacapa Island,LC,Landing Cove,2014,Inside,0,2.8,166.6,83.4,268,0,666.6,3541.6,0,1.4,0,0,0,8.4,34500,0,5.6,0,0,315,416.6,5.6,0,0,26.4,1083.3999999999999,0,1.4,0,5666.5999999999995,0,15,3000,7333.4000000000005,0,0,0,18,0,0
AN,Anacapa Island,LC,Landing Cove,2015,Inside,83.4,0,1000,166.6,270.8,0,416.6,3500,0,2.8,0,0,0,36.2,7208.4000000000005,0,2.8,0,0,1070,83.4,4.2,0,0,59.8,83.4,0,0,0,2208.4,0,1990,2333.4,2416.6,0,0,0,4.2,0,0
AN,Anacapa Island,LC,Landing Cove,2016,Inside,250,8.4,1000,0,202.8,0,83.4,5666.5999999999995,0,5.6,0,0,0,11.2,12375,0,7,0,0,1785,583.4,0,0,0,57,416.6,0,0,0,83.4,0,1450,583.4,916.6,0,0,0,2.8,0,0
AN,Anacapa Island,LC,Landing Cove,2017,Inside,416.6,5.6,333.4,0,122.2,0,0,2125,0,5.6,0,0,0,7,29250,0,2.8,0,166.6,2080,83.4,1.4,0,0,62.4,250,0,0,0,0,0,2365,416.6,416.6,0,0,0,1.4,0,0
AN,Anacapa Island,LC,Landing Cove,2018,Inside,333.4,0,250,0,268,0,583.4,2208.4,0,18,1.4,0,0,7,69125,0,2.8,7,0,330,666.6,2.8,0,0,43,750,0,0,0,250,0,160,166.6,1833.3999999999999,0,0,0,0,0,0
AN,Anacapa Island,LC,Landing Cove,2019,Inside,2333.4,4.2,583.4,0,227.8,0,83.4,3208.4,0,7,5.6,0,0,20.8,31333.4,0,4.2,0,0,2670,1583.3999999999999,0,0,0,68,333.4,0,1.4,0,0,0,460,416.6,500,0,0,0,2.8,0,0
AN,Anacapa Island,LH,Lighthouse,2005,Outside,0,0,750,833.4,57,0,333.4,166.6,0,0,0,0,0,87.4,41.6,0,143,0,0,430,2916.6,95.8,316.59999999999997,30.599999999999998,0,166.6,666.6,40,0,0,0,0,8833.4,26500,0,0,0,51.4,0,0
AN,Anacapa Island,LH,Lighthouse,2006,Outside,0,16.6,1500,1583.3999999999999,18,0,83.4,0,0,0,0,0,0,7,0,0,118,1.4,0,0,500,75,294.4,25,0,583.4,916.6,20,0,0,0,0,25666.6,111500,0,0,0,48.599999999999994,0,0
AN,Anacapa Island,LH,Lighthouse,2007,Outside,416.6,8.4,916.6,5916.5999999999995,11.2,0,166.6,0,0,0,0,0,0,244.4,0,166.6,133.39999999999998,18,0,0,333.4,44.4,319.40000000000003,47.199999999999996,4.2,750,1333.3999999999999,80,0,0,0,0,19250,69250,0,0,83.4,68,0,0
AN,Anacapa Island,LH,Lighthouse,2008,Outside,500,9.799999999999999,416.6,1833.3999999999999,8.4,0,0,0,0,0,0,0,0,22.2,0,0,104.2,76.39999999999999,0,0,166.6,44.4,329.2,9.799999999999999,0,1000,750,170,0,0,0,0,21583.4,66833.4,0,0,0,58.4,0,0
AN,Anacapa Island,LH,Lighthouse,2009,Outside,250,65.19999999999999,250,3416.6,7,0,83.4,0,0,0,0,0,0,157,0,0,95.8,161.20000000000002,0,0,416.6,63.8,326.40000000000003,12.6,0,1333.3999999999999,3333.4,180,0,0,0,0,14416.6,95583.4,0,0,0,94.39999999999999,1.4,0
AN,Anacapa Island,LH,Lighthouse,2010,Outside,0,48.599999999999994,1166.6000000000001,833.4,7,0,416.6,0,0,0,0,0,0,4.2,0,0,95.8,59.8,0,0,0,77.8,277.8,27.799999999999997,0,916.6,1750,150,0,0,0,0,10166.6,109500,0,0,0,82,0,0
AN,Anacapa Island,LH,Lighthouse,2011,Outside,0,48.599999999999994,416.6,333.4,7,0,1083.3999999999999,41.6,0,0,0,0,0,0,0,0,80.60000000000001,83.4,0,0,1083.3999999999999,73.6,270.8,16.6,0,1333.3999999999999,4000,160,0,0,0,0,15833.4,157833.40000000002,0,0,166.6,73.6,0,0
AN,Anacapa Island,LH,Lighthouse,2012,Outside,0,34.8,750,4000,23.599999999999998,0,250,41.6,0,0,0,0,0,0,0,0,87.4,165.20000000000002,0,0,166.6,44.4,311.2,4.2,1.4,666.6,4750,270,90,0,4.2,0,18583.4,163166.59999999998,0,0,0,129.20000000000002,0,0
AN,Anacapa Island,LH,Lighthouse,2013,Outside,0,41.6,1583.3999999999999,3833.4,32,0,583.4,0,0,0,0,0,0,0,0,0,63.8,12.6,0,0,0,9.799999999999999,316.59999999999997,8.4,0,666.6,2083.4,200,70,0,0,0,20583.4,183916.59999999998,0,0,83.4,105.6,0,0
AN,Anacapa Island,LH,Lighthouse,2014,Outside,0,88.8,583.4,4000,19.400000000000002,0,166.6,83.4,0,0,0,0,0,5.6,0,0,62.4,34.8,0,5,333.4,12.6,275,5.6,1.4,166.6,2583.4,4.2,0,0,0,0,10916.6,141000,0,0,250,91.6,0,0
AN,Anacapa Island,LH,Lighthouse,2015,Outside,0,59.8,4666.5999999999995,1750,47.199999999999996,0,583.4,0,0,0,0,0,0,8.4,0,0,48.599999999999994,7,0,0,166.6,1.4,283.4,5.6,0,250,0,2.8,0,0,0,680,3666.6,71500,0,0,0,33.4,0,0
AN,Anacapa Island,LH,Lighthouse,2016,Outside,0,175,4583.4000000000005,333.4,34.8,0,0,0,0,0,0,0,0,63.8,0,0,36.2,69.4,0,0,500,0,308.40000000000003,5.6,0,0,166.6,0,0,0,0,725,1416.6000000000001,15916.6,0,0,0,29.2,0,0
AN,Anacapa Island,LH,Lighthouse,2017,Outside,0,41.6,2916.6,333.4,7,0,0,83.4,0,0,0,0,0,20.8,0,0,11.2,451.40000000000003,0,145,2833.4,0,247.20000000000002,5.6,1.4,166.6,333.4,0,0,0,0,4130,916.6,9166.6,0,0,0,9.799999999999999,0,0
AN,Anacapa Island,LH,Lighthouse,2018,Outside,83.4,0,1500,83.4,13.799999999999999,0,0,83.4,0,0,0,0,0,19.400000000000002,0,0,11.2,207,0,50,3333.4,2.8,283.4,4.2,2.8,0,333.4,0,0,0,0,5160,2666.6,19166.6,0,0,0,7,0,0
AN,Anacapa Island,LH,Lighthouse,2019,Outside,916.6,5.6,1083.3999999999999,0,13.799999999999999,0,0,0,0,0,0,0,0,120.80000000000001,0,0,15.2,0,0,520,14250,7,273.6,2.8,1.4,333.4,83.4,0,0,0,0,17880,1500,6583.4000000000005,0,0,0,5.6,0,0
SB,Santa Barbara Island,AP,Arch Point,2005,Outside,0,51.4,0,83.4,13.799999999999999,0,0,0,0,0,0,0,0,0,0,0,2.8,5.6,0,0,666.6,0,0,1.4,0,250,1416.6000000000001,120,0,0,0,0,43500,136166.59999999998,0,0,0,0,0,0
SB,Santa Barbara Island,AP,Arch Point,2006,Outside,0,93,500,333.4,22.2,0,0,0,0,0,0,0,0,0,0,83.4,1.4,20.8,0,0,750,1.4,0,0,11.2,83.4,2083.4,240,0,0,0,0,36666.600000000006,149416.59999999998,0,0,750,0,0,0
SB,Santa Barbara Island,AP,Arch Point,2007,Outside,166.6,88.8,166.6,166.6,9.799999999999999,0,83.4,0,0,0,0,0,0,0,0,0,4.2,36.2,0,0,166.6,0,1.4,0,5.6,250,583.4,70,0,0,0,0,28750,165333.40000000002,0,0,416.6,0,0,0
SB,Santa Barbara Island,AP,Arch Point,2008,Outside,0,68,416.6,500,8.4,0,333.4,0,0,0,0,0,0,0,0,0,1.4,23.599999999999998,0,0,1916.6000000000001,2.8,0,0,5.6,583.4,1500,210,0,0,0,0,26250,265250,0,0,2083.4,0,0,0
SB,Santa Barbara Island,AP,Arch Point,2009,Outside,250,218,0,833.4,4.2,0,83.4,0,0,0,0,0,0,0,0,0,5.6,136.2,0,0,83.4,0,2.8,0,4.2,583.4,2000,180,0,0,0,0,13000,279166.60000000003,0,0,1000,0,0,0
SB,Santa Barbara Island,AP,Arch Point,2010,Outside,0,320.79999999999995,166.6,250,7,0,166.6,208.4,0,0,0,0,0,0,0,0,0,38.800000000000004,0,0,83.4,5.6,1.4,0,1.4,333.4,2500,290,0,0,0,0,13416.6,263000,0,0,583.4,0,0,0
SB,Santa Barbara Island,AP,Arch Point,2011,Outside,0,158.4,500,1583.3999999999999,8.4,0,583.4,0,0,0,0,0,0,0,0,0,2.8,237.4,0,0,250,5.6,1.4,0,4.2,166.6,6500,300,0,0,1.4,0,11916.6,273500,0,0,583.4,1.4,0,0
SB,Santa Barbara Island,AP,Arch Point,2012,Outside,0,141.6,83.4,416.6,13.799999999999999,0,166.6,0,0,0,0,0,0,0,0,0,2.8,107,0,0,416.6,5.6,1.4,0,5.6,0,7750,450,40,0,1.4,0,14666.6,176333.40000000002,0,0,666.6,1.4,0,0
SB,Santa Barbara Island,AP,Arch Point,2013,Outside,0,152.79999999999998,750,1000,26.4,0,0,41.6,0,0,0,0,0,0,0,0,1.4,329.2,0,0,83.4,4.2,0,0,1.4,500,583.4,150,0,0,0,0,19833.4,184000,0,0,833.4,0,0,0
SB,Santa Barbara Island,AP,Arch Point,2014,Outside,0,245.79999999999998,83.4,333.4,13.799999999999999,0,0,0,0,0,0,0,0,0,0,0,4.2,2.8,0,0,83.4,2.8,4.2,0,0,250,916.6,2.8,0,0,0,0,10500,448750,0,0,250,0,0,0
SB,Santa Barbara Island,AP,Arch Point,2015,Outside,83.4,272.2,14416.6,250,37.400000000000006,0,83.4,0,0,0,0,0,0,0,0,0,1.4,101.4,0,0,1250,0,0,0,0,83.4,166.6,0,0,0,0,1640,1583.3999999999999,57666.600000000006,0,0,1416.6000000000001,0,0,0
SB,Santa Barbara Island,AP,Arch Point,2016,Outside,0,144.4,2166.6,0,23.599999999999998,0,0,125,0,0,0,0,0,0,41.6,0,0,57,0,1080,3250,0,1.4,0,4.2,0,0,0,0,0,0,7700,583.4,15333.4,0,0,83.4,0,0,0
SB,Santa Barbara Island,AP,Arch Point,2017,Outside,333.4,18,916.6,0,48.599999999999994,0,83.4,41.6,0,1.4,0,0,0,0,0,0,0,104.2,0,635,4500,0,1.4,0,4.2,0,0,0,0,0,0,1590,333.4,38333.399999999994,0,0,0,0,0,0
SB,Santa Barbara Island,AP,Arch Point,2018,Outside,416.6,16.6,250,0,37.400000000000006,0,83.4,166.6,0,1.4,0,0,0,0,41.6,0,0,251.4,0,340,8916.6,0,0,0,7,0,0,0,0,0,0,220,2500,110666.6,0,0,0,0,0,0
SB,Santa Barbara Island,AP,Arch Point,2019,Outside,3583.4,15.2,333.4,0,57,0,0,0,0,0,2.8,0,0,0,41.6,0,0,5.6,0,10,11250,0,1.4,0,15.2,166.6,250,0,0,0,0,1530,5333.4000000000005,90000,0,0,0,0,0,0
SB,Santa Barbara Island,CAT,Cat Canyon,2005,Outside,250,12.6,0,83.4,13.799999999999999,0,0,0,0,0,0,0,0,0,0,0,0,0,0,0,666.6,2.8,1.4,0,0,1083.3999999999999,500,290,0,0,1.4,0,32000,115500,0,0,0,1.4,0,0
SB,Santa Barbara Island,CAT,Cat Canyon,2006,Outside,83.4,48.599999999999994,83.4,166.6,9.799999999999999,0,0,0,0,0,0,0,0,0,0,0,0,0,0,0,250,9.799999999999999,1.4,0,0,1666.6000000000001,666.6,160,0,0,0,0,25500,68833.4,0,0,833.4,0,0,0
SB,Santa Barbara Island,CAT,Cat Canyon,2007,Outside,83.4,151.4,83.4,416.6,9.799999999999999,0,83.4,0,0,0,0,0,0,0,0,0,0,29.2,0,0,1583.3999999999999,4.2,2.8,0,2.8,916.6,166.6,120,0,0,0,0,21750,80166.6,0,0,0,0,0,0
SB,Santa Barbara Island,CAT,Cat Canyon,2008,Outside,83.4,100,0,333.4,7,0,166.6,0,0,0,0,0,0,0,0,0,0,11.2,0,0,1333.3999999999999,0,0,0,2.8,1416.6000000000001,333.4,120,0,0,1.4,0,21250,180083.40000000002,0,0,750,2.8,0,0
SB,Santa Barbara Island,CAT,Cat Canyon,2009,Outside,416.6,145.8,0,500,15.2,0,0,0,0,0,0,0,0,0,0,0,0,1.4,0,0,3666.6,4.2,0,0,0,166.6,500,140,0,0,0,0,15750,270916.60000000003,0,0,333.4,0,0,0
SB,Santa Barbara Island,CAT,Cat Canyon,2010,Outside,0,380.59999999999997,83.4,666.6,5.6,0,0,0,0,0,0,0,0,2.8,0,0,0,0,0,660,1750,0,0,2.8,0,500,500,90,0,0,0,0,14916.6,70916.6,0,0,750,0,0,0
SB,Santa Barbara Island,CAT,Cat Canyon,2011,Outside,83.4,358.4,0,166.6,11.2,0,83.4,0,0,0,0,0,0,0,0,0,0,1.4,0,0,1750,8.4,1.4,0,0,416.6,333.4,290,0,0,0,0,22666.6,159416.59999999998,0,0,833.4,8.4,0,0
SB,Santa Barbara Island,CAT,Cat Canyon,2012,Outside,0,682,0,333.4,27.799999999999997,0,250,41.6,0,0,1.4,0,0,0,0,0,0,0,0,0,500,9.799999999999999,2.8,1.4,0,250,166.6,360,10,0,0,0,7083.4000000000005,127833.4,0,0,166.6,7,0,0
SB,Santa Barbara Island,CAT,Cat Canyon,2013,Outside,83.4,120.80000000000001,0,750,33.4,0,250,0,0,0,0,0,0,0,0,0,0,0,0,160,250,1.4,0,0,2.8,166.6,0,80,30,0,0,0,4166.5999999999995,99916.6,0,0,250,1.4,0,0
SB,Santa Barbara Island,CAT,Cat Canyon,2014,Outside,0,157,83.4,750,47.199999999999996,0,166.6,0,0,1.4,0,0,0,2.8,0,83.4,0,0,0,90,1000,2.8,0,0,8.4,500,250,0,0,0,0,150,3083.4,88333.4,0,0,833.4,2.8,0,0
SB,Santa Barbara Island,CAT,Cat Canyon,2015,Outside,0,34.8,2583.4,0,41.6,0,333.4,41.6,0,5.6,0,0,0,4.2,0,83.4,1.4,0,0,10,3750,1.4,2.8,0,9.799999999999999,166.6,0,0,0,0,0,17135,4000,41333.399999999994,0,0,166.6,0,0,0
SB,Santa Barbara Island,CAT,Cat Canyon,2016,Outside,166.6,101.4,1916.6000000000001,0,12.6,0,583.4,291.6,0,0,0,0,0,1.4,0,0,0,4.2,0,10,9583.4,0,2.8,0,2.8,750,0,0,0,0,0,23470,1166.6000000000001,916.6,0,0,83.4,0,0,0
SB,Santa Barbara Island,CAT,Cat Canyon,2017,Outside,166.6,0,166.6,0,18,0,0,0,0,1.4,1.4,0,0,0,0,0,0,8.4,0,1835,12333.4,0,2.8,0,8.4,166.6,0,1.4,0,0,0,14555,1916.6000000000001,1416.6000000000001,0,0,83.4,0,0,0
SB,Santa Barbara Island,CAT,Cat Canyon,2018,Outside,666.6,0,416.6,0,27.799999999999997,0,83.4,0,0,2.8,9.799999999999999,0,0,0,0,0,0,0,0,1265,14416.6,0,2.8,0,5.6,83.4,0,0,0,0,0,8465,1916.6000000000001,3500,0,0,83.4,0,0,0
SB,Santa Barbara Island,CAT,Cat Canyon,2019,Outside,333.4,0,83.4,0,4.2,0,166.6,0,0,0,4.2,0,0,11.2,0,0,0,0,0,125,3083.4,0,0,0,15.2,166.6,83.4,0,0,0,0,4300,2250,3583.4,0,0,0,0,0,0
SB,Santa Barbara Island,GC,Graveyard Canyon,2005,Inside,166.6,58.4,83.4,3166.6,0,0,83.4,0,0,0,0,0,0,0,0,0,51.4,22.2,0,0,83.4,11.2,26.4,0,0,83.4,1166.6000000000001,40,0,0,4.2,0,12083.4,29416.6,0,0,0,51.4,0,0
SB,Santa Barbara Island,GC,Graveyard Canyon,2006,Inside,0,57,83.4,583.4,1.4,0,0,0,0,0,0,0,0,4.2,0,0,52.8,22.2,0,0,83.4,7,44.4,11.2,0,83.4,916.6,70,0,0,0,0,11083.4,26583.4,0,0,0,47.199999999999996,0,0
SB,Santa Barbara Island,GC,Graveyard Canyon,2007,Inside,0,157,83.4,666.6,2.8,0,83.4,0,0,0,0,0,0,1.4,0,0,59.8,425,0,0,166.6,15.2,25,2.8,0,166.6,83.4,10,0,0,0,0,9083.4,29333.4,0,0,0,76.39999999999999,0,0
SB,Santa Barbara Island,GC,Graveyard Canyon,2008,Inside,0,37.400000000000006,83.4,583.4,4.2,0,0,0,0,0,0,0,0,0,0,0,37.400000000000006,151.4,0,0,83.4,2.8,22.2,1.4,0,916.6,500,30,0,0,0,0,10333.4,33666.600000000006,0,0,0,84.8,0,0
SB,Santa Barbara Island,GC,Graveyard Canyon,2009,Inside,83.4,98.6,83.4,2416.6,8.4,0,83.4,0,0,0,0,0,0,0,0,0,54.199999999999996,65.19999999999999,0,0,0,2.8,29.2,5.6,0,166.6,1333.3999999999999,40,0,0,0,0,4333.4000000000005,50583.399999999994,0,0,0,113.8,0,0
SB,Santa Barbara Island,GC,Graveyard Canyon,2010,Inside,0,112.4,166.6,583.4,0,0,0,41.6,0,0,0,0,0,0,0,0,38.800000000000004,18,0,85,83.4,1.4,27.799999999999997,2.8,0,166.6,416.6,10,0,0,0,0,3666.6,57666.600000000006,0,0,0,93,0,0
SB,Santa Barbara Island,GC,Graveyard Canyon,2011,Inside,0,163.8,83.4,1000,2.8,0,0,0,0,0,0,0,0,0,0,0,38.800000000000004,0,0,0,0,0,26.4,0,0,166.6,1083.3999999999999,50,0,0,0,0,5583.4000000000005,107750,0,0,0,87.4,0,0
SB,Santa Barbara Island,GC,Graveyard Canyon,2012,Inside,0,32,0,833.4,1.4,0,333.4,0,0,0,0,0,0,0,0,0,32,0,0,5,0,0,13.799999999999999,0,0,250,916.6,90,0,0,0,0,2583.4,69166.6,0,0,0,63.8,0,0
SB,Santa Barbara Island,GC,Graveyard Canyon,2013,Inside,0,2.8,83.4,83.4,8.4,0,0,0,0,0,0,0,0,0,0,0,27.799999999999997,0,0,60,83.4,0,15.2,0,1.4,83.4,666.6,10,0,0,1.4,0,250,11666.6,0,0,0,86.2,0,0
SB,Santa Barbara Island,GC,Graveyard Canyon,2014,Inside,0,0,83.4,583.4,9.799999999999999,0,0,0,0,0,0,0,0,0,41.6,0,18,0,0,1020,166.6,1.4,23.599999999999998,0,0,83.4,166.6,0,0,0,0,310,1250,15416.6,0,0,0,154.20000000000002,0,0
SB,Santa Barbara Island,GC,Graveyard Canyon,2015,Inside,0,1.4,166.6,333.4,13.799999999999999,0,166.6,0,0,0,0,0,0,0,0,0,5.6,0,0,370,416.6,0,20.8,0,0,166.6,0,0,0,0,0,555,0,4083.4,0,0,0,83.4,0,0
SB,Santa Barbara Island,GC,Graveyard Canyon,2016,Inside,0,30.599999999999998,250,0,5.6,0,83.4,0,0,0,0,0,0,0,0,0,0,16.6,0,185,500,0,25,0,7,0,0,0,0,0,0,11610,0,250,0,0,0,45.8,0,0
SB,Santa Barbara Island,GC,Graveyard Canyon,2017,Inside,0,9.799999999999999,0,0,9.799999999999999,0,0,0,0,0,0,0,0,0,0,0,0,76.39999999999999,0,750,83.4,0,20.8,0,0,0,0,0,0,208.4,0,565,0,83.4,0,0,0,45.8,0,0
SB,Santa Barbara Island,GC,Graveyard Canyon,2018,Inside,0,9.799999999999999,166.6,0,8.4,0,916.6,41.6,0,0,0,0,0,0,0,0,16.6,65.19999999999999,0,185,1166.6000000000001,0,23.599999999999998,0,4.2,0,0,0,0,0,0,90,0,500,0,0,0,54.199999999999996,0,0
SB,Santa Barbara Island,GC,Graveyard Canyon,2019,Inside,166.6,1.4,333.4,0,7,0,250,41.6,0,0,0,0,0,1.4,166.6,0,19.400000000000002,0,0,100,1833.3999999999999,0,18,0,0,83.4,0,0,0,41.6,0,40,0,1250,0,0,0,38.800000000000004,0,0
SB,Santa Barbara Island,SER,Southeast Reef,2005,Inside,583.4,4.2,1666.6000000000001,166.6,7,0,416.6,458.4,0,0,0,0,0,0,291.6,0,11.2,0,0,230,83.4,4.2,8.4,1.4,2.8,3583.4,166.6,200,0,0,1.4,0,22583.4,25833.4,0,0,0,5.6,0,0
SB,Santa Barbara Island,SER,Southeast Reef,2006,Inside,166.6,15.2,1000,166.6,5.6,0,166.6,83.4,0,0,0,0,0,0,41.6,0,7,0,0,230,250,5.6,5.6,1.4,0,2916.6,500,230,0,83.4,0,0,31166.6,23166.6,0,0,500,1.4,0,0
SB,Santa Barbara Island,SER,Southeast Reef,2007,Inside,0,122.2,500,83.4,33.4,0,416.6,375,0,0,0,0,0,0,0,0,16.6,0,0,255,250,7,9.799999999999999,0,2.8,3083.4,83.4,90,0,0,0,0,28250,21250,0,0,1333.3999999999999,2.8,1.4,0
SB,Santa Barbara Island,SER,Southeast Reef,2008,Inside,83.4,23.599999999999998,250,333.4,100,0,83.4,250,0,0,0,0,0,0,0,0,9.799999999999999,22.2,0,495,833.4,2.8,7,4.2,4.2,2166.6,0,70,0,0,0,0,16666.6,32916.600000000006,0,0,83.4,4.2,0,0
SB,Santa Barbara Island,SER,Southeast Reef,2009,Inside,0,36.2,333.4,250,30.599999999999998,0,0,625,0,0,0,0,0,0,41.6,0,15.2,0,0,375,83.4,15.2,9.799999999999999,0,1.4,1583.3999999999999,0,120,0,0,0,0,17583.4,8916.6,0,0,0,4.2,0,0
SB,Santa Barbara Island,SER,Southeast Reef,2010,Inside,0,79.2,1416.6000000000001,83.4,7,0,83.4,250,0,0,0,0,0,0,0,0,7,12.6,0,385,166.6,5.6,9.799999999999999,2.8,5.6,2583.4,0,180,0,0,0,0,13333.4,5000,0,0,83.4,4.2,0,0
SB,Santa Barbara Island,SER,Southeast Reef,2011,Inside,166.6,143,750,333.4,44.4,0,250,333.4,0,0,0,0,0,0,166.6,0,5.6,0,0,1140,166.6,15.2,9.799999999999999,0,11.2,1916.6000000000001,0,150,0,0,0,10,15833.4,18083.4,0,0,166.6,5.6,0,0
SB,Santa Barbara Island,SER,Southeast Reef,2012,Inside,0,0,916.6,750,40.2,0,0,625,0,1.4,0,0,0,0,291.6,0,7,11.2,0,600,250,7,5.6,1.4,2.8,2083.4,166.6,240,0,0,0,0,14666.6,11666.6,0,0,83.4,8.4,0,0
SB,Santa Barbara Island,SER,Southeast Reef,2013,Inside,0,0,500,666.6,208.4,0,500,291.6,0,0,0,0,0,0,41.6,0,5.6,0,0,125,83.4,8.4,2.8,0,1.4,583.4,0,70,0,0,0,0,12083.4,7333.4000000000005,0,0,166.6,12.6,0,0
SB,Santa Barbara Island,SER,Southeast Reef,2014,Inside,0,0,416.6,666.6,351.4,0,166.6,416.6,0,1.4,0,0,0,0,83.4,0,8.4,0,0,705,83.4,11.2,5.6,0,9.799999999999999,750,0,11.2,0,0,0,0,14916.6,6250,0,0,500,16.6,0,0
SB,Santa Barbara Island,SER,Southeast Reef,2015,Inside,583.4,2.8,5000,250,225,0,333.4,1458.3999999999999,0,0,0,0,0,4.2,41.6,83.4,5.6,8.4,83.4,285,666.6,4.2,5.6,1.4,9.799999999999999,416.6,0,1.4,0,0,0,6645,7333.4000000000005,3916.6,0,0,1916.6000000000001,5.6,0,0
SB,Santa Barbara Island,SER,Southeast Reef,2016,Inside,833.4,2.8,5666.5999999999995,0,84.8,0,166.6,791.6,0,1.4,0,0,0,0,125,0,0,27.799999999999997,166.6,260,2000,0,5.6,0,29.2,916.6,0,2.8,0,0,0,6410,2250,1333.3999999999999,0,0,0,5.6,0,0
SB,Santa Barbara Island,SER,Southeast Reef,2017,Inside,166.6,0,3583.4,0,101.4,0,0,750,0,0,0,0,0,22.2,41.6,0,2.8,2.8,0,585,833.4,1.4,4.2,2.8,34.8,500,0,0,0,0,0,3140,3916.6,3166.6,0,0,0,0,0,0
SB,Santa Barbara Island,SER,Southeast Reef,2018,Inside,1083.3999999999999,0,4583.4000000000005,0,97.19999999999999,0,166.6,166.6,0,0,0,0,0,16.6,875,0,1.4,32,0,445,1250,0,5.6,1.4,43,583.4,83.4,2.8,0,0,0,810,2250,3916.6,0,0,0,1.4,0,0
SB,Santa Barbara Island,SER,Southeast Reef,2019,Inside,916.6,0,4250,0,76.39999999999999,0,166.6,333.4,0,0,1.4,0,0,13.799999999999999,1250,0,1.4,2.8,0,600,2416.6,0,8.4,1.4,43,333.4,0,0,0,0,0,325,2833.4,4000,0,0,83.4,1.4,0,0
SB,Santa Barbara Island,SESL,SE Sea Lion Rookery,2005,Inside,83.4,12.6,750,666.6,5.6,0,166.6,0,0,0,0,0,0,0,0,0,165.20000000000002,1.4,0,0,750,12.6,36.2,2.8,0,666.6,1083.3999999999999,70,0,0,4.2,0,28083.4,12250,0,0,0,90.2,0,0
SB,Santa Barbara Island,SESL,SE Sea Lion Rookery,2006,Inside,0,1.4,666.6,1166.6000000000001,16.6,0,0,0,0,0,0,0,0,0,0,83.4,184.79999999999998,0,0,0,666.6,34.8,33.4,1.4,0,583.4,1333.3999999999999,170,0,0,1.4,0,22083.4,3500,0,0,666.6,145.8,0,0
SB,Santa Barbara Island,SESL,SE Sea Lion Rookery,2007,Inside,0,45.8,750,750,9.799999999999999,0,83.4,0,0,0,0,0,0,0,0,83.4,151.4,18,0,0,250,18,50,4.2,0,500,583.4,70,0,0,0,0,21750,6416.5999999999995,0,0,666.6,112.4,0,0
SB,Santa Barbara Island,SESL,SE Sea Lion Rookery,2008,Inside,250,25,500,1250,8.4,0,0,0,0,0,0,0,0,0,0,0,129.20000000000002,122.2,0,0,916.6,16.6,23.599999999999998,0,1.4,250,666.6,30,0,0,0,0,26083.4,36750,0,0,750,151.4,0,0
SB,Santa Barbara Island,SESL,SE Sea Lion Rookery,2009,Inside,583.4,9.799999999999999,666.6,1500,11.2,0,83.4,0,0,0,0,0,0,1.4,0,0,166.6,15.2,0,0,333.4,7,33.4,7,2.8,250,666.6,50,0,0,0,0,14166.6,40750,0,0,500,144.4,0,0
SB,Santa Barbara Island,SESL,SE Sea Lion Rookery,2010,Inside,0,100,1250,833.4,7,0,0,0,0,0,0,0,0,0,0,0,130.6,16.6,0,30,83.4,0,26.4,0,0,250,1000,30,0,0,0,5,13250,31833.4,0,0,166.6,170.8,0,0
SB,Santa Barbara Island,SESL,SE Sea Lion Rookery,2011,Inside,0,1.4,583.4,2333.4,9.799999999999999,0,0,0,0,0,0,0,0,0,0,0,102.8,2.8,0,0,0,2.8,26.4,1.4,1.4,500,2583.4,50,0,0,1.4,0,9583.4,95500,0,0,500,182,0,0
SB,Santa Barbara Island,SESL,SE Sea Lion Rookery,2012,Inside,0,1.4,250,1666.6000000000001,1.4,0,0,0,0,0,0,0,0,0,0,83.4,109.8,0,0,0,83.4,1.4,18,0,1.4,333.4,2333.4,80,0,0,0,0,1416.6000000000001,55250,0,0,0,157,0,0
SB,Santa Barbara Island,SESL,SE Sea Lion Rookery,2013,Inside,0,5.6,416.6,4000,4.2,0,0,41.6,0,0,0,0,0,2.8,0,0,62.4,0,0,0,0,2.8,15.2,2.8,2.8,333.4,1250,40,0,0,0,10,416.6,22083.4,0,0,333.4,186.20000000000002,0,0
SB,Santa Barbara Island,SESL,SE Sea Lion Rookery,2014,Inside,83.4,1.4,500,1166.6000000000001,8.4,0,0,0,0,0,0,0,0,7,0,0,11.2,0,0,225,166.6,1.4,22.2,2.8,5.6,500,83.4,1.4,0,0,0,1225,1083.3999999999999,26833.4,0,0,166.6,248.6,0,0
SB,Santa Barbara Island,SESL,SE Sea Lion Rookery,2015,Inside,0,9.799999999999999,1666.6000000000001,583.4,22.2,0,0,0,0,0,0,0,0,2.8,0,0,8.4,12.6,0,725,0,0,13.799999999999999,0,12.6,500,0,0,0,0,0,21740,916.6,9166.6,0,0,83.4,213.79999999999998,0,0
SB,Santa Barbara Island,SESL,SE Sea Lion Rookery,2016,Inside,0,2.8,3500,83.4,9.799999999999999,0,0,0,0,4.2,0,0,0,2.8,0,0,1.4,15.2,166.6,295,83.4,0,8.4,0,12.6,583.4,0,0,0,0,0,45125,333.4,4500,0,0,0,166.6,0,0
SB,Santa Barbara Island,SESL,SE Sea Lion Rookery,2017,Inside,83.4,0,2333.4,0,22.2,0,0,41.6,0,1.4,0,0,0,15.2,41.6,0,0,241.60000000000002,0,690,83.4,0,19.400000000000002,0,8.4,1000,0,0,0,0,0,15095,1500,3916.6,0,0,0,115.2,0,0
SB,Santa Barbara Island,SESL,SE Sea Lion Rookery,2018,Inside,0,0,1416.6000000000001,0,40.2,0,0,0,0,5.6,0,0,0,4.2,2458.4,0,5.6,182,0,655,1750,0,8.4,0,19.400000000000002,1000,0,0,0,0,0,3155,500,4750,0,0,0,120.80000000000001,0,0
SB,Santa Barbara Island,SESL,SE Sea Lion Rookery,2019,Inside,1500,0,2000,0,79.2,0,0,41.6,0,7,0,0,0,2.8,13666.6,0,141.6,0,0,475,2500,0,69.4,5.6,8.4,1250,0,0,0,0,0,975,916.6,5833.4000000000005,0,0,166.6,133.39999999999998,0,0
SB,Santa Barbara Island,WA,Webster's Arch,2005,Outside,250,73.6,1250,333.4,9.799999999999999,0,2083.4,0,0,0,0,0,0,5.6,0,0,5.6,5.6,0,0,666.6,40.2,4.2,0,1.4,833.4,4000,230,0,0,1.4,0,22583.4,137250,0,0,0,1.4,0,0
SB,Santa Barbara Island,WA,Webster's Arch,2006,Outside,250,104.2,916.6,333.4,16.6,0,1083.3999999999999,0,0,0,0,0,0,5.6,0,83.4,9.799999999999999,1.4,0,0,1000,76.39999999999999,2.8,1.4,4.2,1166.6000000000001,3000,200,0,0,1.4,0,21083.4,152083.40000000002,0,0,666.6,1.4,0,0
SB,Santa Barbara Island,WA,Webster's Arch,2007,Outside,0,262.40000000000003,583.4,83.4,27.799999999999997,0,166.6,0,0,0,0,0,0,2.8,0,83.4,7,5.6,0,0,1000,150,7,0,5.6,583.4,2833.4,100,0,0,7,0,20250,159083.40000000002,0,0,166.6,1.4,0,0
SB,Santa Barbara Island,WA,Webster's Arch,2008,Outside,0,44.4,500,83.4,11.2,0,1083.3999999999999,0,0,0,0,0,0,0,0,0,12.6,2.8,0,0,2333.4,134.8,7,1.4,0,1083.3999999999999,4583.4000000000005,130,0,0,2.8,0,18833.4,167916.59999999998,0,0,1166.6000000000001,2.8,0,0
SB,Santa Barbara Island,WA,Webster's Arch,2009,Outside,83.4,134.8,83.4,333.4,12.6,0,1416.6000000000001,0,0,0,0,0,0,5.6,0,416.6,7,0,0,0,1666.6000000000001,145.8,8.4,1.4,0,750,3416.6,270,0,0,2.8,0,17916.6,103500,0,0,666.6,2.8,0,0
SB,Santa Barbara Island,WA,Webster's Arch,2010,Outside,83.4,323.6,750,0,5.6,0,1250,416.6,0,0,0,0,0,1.4,0,83.4,7,1.4,0,0,416.6,140.2,4.2,0,0,250,4250,120,0,0,5.6,0,14916.6,85916.6,0,0,916.6,1.4,0,0
SB,Santa Barbara Island,WA,Webster's Arch,2011,Outside,0,63.8,666.6,166.6,9.799999999999999,0,1250,83.4,0,0,0,0,0,0,0,83.4,8.4,1.4,0,0,583.4,152.79999999999998,4.2,0,1.4,250,4333.4000000000005,300,0,0,16.6,0,14083.4,104000,0,0,583.4,5.6,0,0
SB,Santa Barbara Island,WA,Webster's Arch,2012,Outside,0,50,0,0,5.6,0,666.6,0,0,0,0,0,0,0,0,0,8.4,0,0,0,500,68,5.6,4.2,0,0,5500,210,0,0,26.4,0,9333.4,44833.399999999994,0,0,500,7,0,0
SB,Santa Barbara Island,WA,Webster's Arch,2013,Outside,0,86.2,250,83.4,43,0,83.4,0,0,0,0,0,0,0,0,2500,2.8,13.799999999999999,0,0,6583.4000000000005,105.6,7,0,0,0,1333.3999999999999,80,0,0,2.8,0,9583.4,75666.6,0,1.4,1083.3999999999999,11.2,0,0
SB,Santa Barbara Island,WA,Webster's Arch,2014,Outside,0,27.799999999999997,83.4,250,5.6,0,1916.6000000000001,250,0,0,0,0,0,0,0,4500,2.8,0,0,15,1416.6000000000001,36.2,8.4,2.8,0,0,1500,0,0,0,0,0,8416.6,29250,0,2.8,2500,2.8,0,0
SB,Santa Barbara Island,WA,Webster's Arch,2015,Outside,83.4,168,3333.4,83.4,187.6,0,916.6,625,0,0,0,0,0,7,0,2833.4,2.8,7,0,185,2500,13.799999999999999,8.4,1.4,2.8,0,333.4,0,0,83.4,0,5,8833.4,8333.4,0,0,1333.3999999999999,9.799999999999999,0,0
SB,Santa Barbara Island,WA,Webster's Arch,2016,Outside,0,76.39999999999999,3666.6,0,72.2,0,666.6,833.4,0,0,0,0,0,15.2,0,1000,4.2,11.2,0,2695,2083.4,9.799999999999999,9.799999999999999,0,1.4,83.4,83.4,0,0,0,0,655,8000,25416.6,0,0,333.4,7,0,0
SB,Santa Barbara Island,WA,Webster's Arch,2017,Outside,333.4,0,2500,0,76.39999999999999,0,666.6,458.4,0,0,0,0,0,65.19999999999999,0,333.4,0,55.599999999999994,0,1120,3500,1.4,5.6,1.4,18,0,250,0,0,0,0,5,9333.4,28916.6,0,0,333.4,7,2.8,0
SB,Santa Barbara Island,WA,Webster's Arch,2018,Outside,166.6,2.8,1583.3999999999999,0,115.2,0,500,2041.6,0,0,0,0,0,88.8,0,0,8.4,108.39999999999999,0,345,3000,1.4,5.6,0,4.2,0,250,1.4,0,0,0,15,4500,37833.399999999994,0,0,83.4,1.4,0,0
SB,Santa Barbara Island,WA,Webster's Arch,2019,Outside,833.4,158.4,1916.6000000000001,0,240.2,0,1833.3999999999999,2166.6,0,0,0,0,0,79.2,83.4,0,50,108.39999999999999,0,560,4916.5999999999995,0,9.799999999999999,0,9.799999999999999,166.6,1166.6000000000001,0,0,0,0,110,6583.4000000000005,49333.399999999994,0,0,0,4.2,0,0
SC,Santa Cruz Island,CVP,Cavern Point,2005,Inside,1000,27.799999999999997,583.4,6250,348.6,0,83.4,0,0,0,0,0,0,1.4,0,0,277.8,18,0,0,250,87.4,2.8,0,1.4,2250,416.6,50,0,0,0,0,7000,65666.6,0,0,0,48.599999999999994,0,0
SC,Santa Cruz Island,CVP,Cavern Point,2006,Inside,250,5.6,583.4,1166.6000000000001,226.39999999999998,0,0,0,0,0,0,0,0,0,0,0,222.20000000000002,0,0,0,583.4,112.4,1.4,1.4,4.2,2666.6,1333.3999999999999,130,0,0,2.8,0,9416.6,63750,0,0,0,38.800000000000004,0,0
SC,Santa Cruz Island,CVP,Cavern Point,2007,Inside,250,83.4,333.4,916.6,252.8,0,333.4,41.6,0,0,0,0,0,1.4,0,0,229.2,43,166.6,0,83.4,182,2.8,0,0,2416.6,416.6,120,0,0,0,0,5416.5999999999995,56333.399999999994,0,0,166.6,73.6,0,0
SC,Santa Cruz Island,CVP,Cavern Point,2008,Inside,916.6,22.2,250,2166.6,170.8,0,83.4,0,0,0,0,0,0,0,0,0,258.40000000000003,1.4,0,0,166.6,179.2,8.4,1.4,1.4,3000,1333.3999999999999,120,0,0,1.4,0,4083.4,61166.600000000006,0,0,83.4,75,0,0
SC,Santa Cruz Island,CVP,Cavern Point,2009,Inside,250,33.4,333.4,4750,172.2,0,83.4,41.6,0,0,0,0,0,1.4,0,0,262.40000000000003,0,1583.3999999999999,0,0,138.8,7,0,2.8,3750,1666.6000000000001,290,0,0,0,0,3833.4,33750,0,0,0,119.4,0,0
SC,Santa Cruz Island,CVP,Cavern Point,2010,Inside,0,36.2,333.4,1750,113.8,0,0,3500,0,0,0,0,0,4.2,0,0,219.4,22.2,0,700,333.4,40.2,4.2,1.4,13.799999999999999,2916.6,1083.3999999999999,180,0,83.4,0,2865,2750,25916.6,0,0,83.4,97.19999999999999,0,0
SC,Santa Cruz Island,CVP,Cavern Point,2011,Inside,83.4,15.2,0,1250,161.20000000000002,0,166.6,3208.4,0,0,0,0,0,0,41.6,0,216.6,11.2,0,505,83.4,63.8,4.2,0,7,3166.6,1000,200,0,41.6,0,11210,2333.4,35083.399999999994,0,0,0,140.2,0,0
SC,Santa Cruz Island,CVP,Cavern Point,2012,Inside,0,0,0,2416.6,126.4,0,83.4,1791.6000000000001,0,0,0,0,0,8.4,0,0,184.79999999999998,1.4,0,375,416.6,48.599999999999994,4.2,0,15.2,2833.4,1500,240,0,0,0,1970,6750,53250,0,0,0,141.6,0,0
SC,Santa Cruz Island,CVP,Cavern Point,2013,Inside,0,0,0,1000,295.8,0,83.4,5125,0,0,0,0,0,13.799999999999999,0,0,190.20000000000002,0,0,620,250,18,5.6,0,23.599999999999998,1000,0,300,10,0,0,11115,8500,37833.399999999994,0,0,583.4,161.20000000000002,0,0
SC,Santa Cruz Island,CVP,Cavern Point,2014,Inside,83.4,0,250,1333.3999999999999,143,0,0,2125,0,0,0,0,0,9.799999999999999,41.6,0,154.20000000000002,2.8,0,610,166.6,12.6,4.2,0,16.6,3083.4,83.4,8.4,1.4,0,0,4575,8500,21833.4,0,0,83.4,202.8,0,0
SC,Santa Cruz Island,CVP,Cavern Point,2015,Inside,83.4,0,833.4,500,269.4,0,83.4,2833.4,0,0,0,0,0,15.2,0,83.4,170.8,0,333.4,360,166.6,0,1.4,1.4,20.8,2666.6,83.4,0,0,0,0,7620,6750,8833.4,0,0,0,65.19999999999999,0,0
SC,Santa Cruz Island,CVP,Cavern Point,2016,Inside,333.4,4.2,1916.6000000000001,0,38.800000000000004,0,166.6,4875,0,0,0,0,0,18,166.6,83.4,105.6,1.4,7166.5999999999995,540,166.6,0,4.2,1.4,15.2,1500,0,0,0,0,0,3910,1666.6000000000001,1333.3999999999999,0,0,0,25,0,0
SC,Santa Cruz Island,CVP,Cavern Point,2017,Inside,583.4,0,1166.6000000000001,0,41.6,0,166.6,4375,0,1.4,0,0,0,40.2,0,0,69.4,320.79999999999995,3250,380,583.4,0,1.4,0,7,1833.3999999999999,0,0,0,0,0,6710,1833.3999999999999,2166.6,0,0,0,18,0,0
SC,Santa Cruz Island,CVP,Cavern Point,2018,Inside,1250,0,583.4,0,33.4,0,250,375,0,0,0,0,0,122.2,583.4,0,94.39999999999999,86.2,2916.6,390,83.4,0,1.4,0,5.6,2083.4,83.4,2.8,0,0,0,1635,1166.6000000000001,1916.6000000000001,0,0,0,1.4,0,0
SC,Santa Cruz Island,CVP,Cavern Point,2019,Inside,1250,2.8,333.4,0,79.2,0,0,4875,0,2.8,0,0,0,43,625,0,88.8,5.6,1083.3999999999999,1800,416.6,0,1.4,0,40.2,1250,83.4,1.4,0,0,0,475,1416.6000000000001,1750,0,0,0,4.2,0,0
SC,Santa Cruz Island,DPM,Devil's Peak Member,2005,Outside,416.6,20.8,166.6,4250,100,0,333.4,0,0,0,0,0,0,0,0,0,154.20000000000002,50,0,0,250,172.2,4.2,0,0,333.4,1166.6000000000001,250,0,0,5.6,0,3083.4,52333.399999999994,0,0,0,15.2,0,0
SC,Santa Cruz Island,DPM,Devil's Peak Member,2006,Outside,166.6,22.2,166.6,1000,34.8,0,83.4,0,0,0,0,0,0,1.4,0,0,105.6,9.799999999999999,0,0,0,180.60000000000002,4.2,2.8,0,583.4,2000,120,0,0,7,0,4500,39833.399999999994,0,0,83.4,5.6,0,0
SC,Santa Cruz Island,DPM,Devil's Peak Member,2007,Outside,1250,25,250,2750,105.6,0,0,0,0,0,0,0,0,2.8,0,0,234.8,36.2,250,0,333.4,354.2,5.6,1.4,1.4,500,1166.6000000000001,290,0,0,7,0,6416.5999999999995,42250,0,0,0,20.8,0,0
SC,Santa Cruz Island,DPM,Devil's Peak Member,2008,Outside,666.6,44.4,0,3083.4,108.39999999999999,0,166.6,41.6,0,0,0,0,0,0,0,0,187.6,22.2,0,0,166.6,495.8,8.4,0,2.8,333.4,833.4,260,0,0,4.2,0,7333.4000000000005,47750,0,0,83.4,69.4,0,0
SC,Santa Cruz Island,DPM,Devil's Peak Member,2009,Outside,500,30.599999999999998,0,2083.4,37.400000000000006,0,583.4,0,0,0,0,0,0,0,0,0,195.8,7,1583.3999999999999,0,166.6,580.6,7,4.2,0,1416.6000000000001,1583.3999999999999,450,0,0,9.799999999999999,0,8750,56333.399999999994,0,0,83.4,98.6,0,0
SC,Santa Cruz Island,DPM,Devil's Peak Member,2010,Outside,166.6,2.8,333.4,1333.3999999999999,34.8,0,83.4,83.4,0,0,0,0,0,0,0,0,116.6,4.2,0,0,0,641.5999999999999,5.6,1.4,1.4,833.4,833.4,670,0,0,1.4,0,4916.5999999999995,28416.6,0,0,83.4,125,0,0
SC,Santa Cruz Island,DPM,Devil's Peak Member,2011,Outside,0,22.2,333.4,0,40.2,0,83.4,458.4,0,0,0,0,0,0,0,0,123.60000000000001,1.4,0,0,0,586.2,5.6,2.8,0,916.6,1916.6000000000001,560,0,0,5.6,0,7000,22166.6,0,0,83.4,155.6,0,0
SC,Santa Cruz Island,DPM,Devil's Peak Member,2012,Outside,83.4,12.6,0,1750,44.4,0,166.6,0,0,0,0,0,0,0,0,166.6,173.6,0,0,0,166.6,327.79999999999995,7,0,0,416.6,3333.4,490,90,0,22.2,0,13000,42250,0,0,83.4,145.8,0,0
SC,Santa Cruz Island,DPM,Devil's Peak Member,2013,Outside,333.4,11.2,83.4,1250,40.2,0,1250,0,0,0,0,0,0,2.8,0,0,234.8,5.6,0,0,0,327.79999999999995,4.2,1.4,1.4,416.6,1583.3999999999999,240,20,0,11.2,0,11250,36250,0,0,83.4,180.60000000000002,0,0
SC,Santa Cruz Island,DPM,Devil's Peak Member,2014,Outside,0,37.400000000000006,0,1083.3999999999999,25,0,916.6,0,0,1.4,0,0,0,2.8,0,0,172.2,140.2,0,0,333.4,368,4.2,0,0,166.6,2750,0,1.4,0,0,0,13333.4,31083.4,0,0,83.4,157,0,0
SC,Santa Cruz Island,DPM,Devil's Peak Member,2015,Outside,750,145.8,2083.4,1000,23.599999999999998,0,2833.4,0,0,0,0,1.4,0,58.4,0,83.4,175,18,0,0,1666.6000000000001,307,5.6,1.4,0,0,250,1.4,4.2,0,0,0,11000,22583.4,0,0,0,76.39999999999999,0,0
SC,Santa Cruz Island,DPM,Devil's Peak Member,2016,Outside,583.4,44.4,3083.4,166.6,22.2,0,83.4,0,0,0,0,0,0,54.199999999999996,0,0,234.8,7,3250,0,2500,302.8,9.799999999999999,0,0,83.4,0,0,0,0,0,1135,1250,1750,0,0,0,25,0,0
SC,Santa Cruz Island,DPM,Devil's Peak Member,2017,Outside,83.4,33.4,1833.3999999999999,83.4,16.6,0,83.4,41.6,0,0,0,0,0,41.6,0,83.4,68,2044.4,2833.4,0,3000,309.8,2.8,0,1.4,0,83.4,1.4,0,0,0,950,1250,2916.6,0,0,0,5.6,0,0
SC,Santa Cruz Island,DPM,Devil's Peak Member,2018,Outside,1250,7,1166.6000000000001,500,25,0,583.4,0,0,0,0,0,0,125,0,0,151.4,327.79999999999995,1000,0,11583.4,277.8,2.8,0,1.4,166.6,0,7,1.4,0,0,2540,4166.5999999999995,45833.399999999994,0,0,0,2.8,0,0
SC,Santa Cruz Island,DPM,Devil's Peak Member,2019,Outside,1750,63.8,3000,83.4,27.799999999999997,0,583.4,0,0,0,0,0,0,150,166.6,0,94.39999999999999,111.19999999999999,2416.6,0,14416.6,11.2,4.2,0,0,416.6,166.6,5.6,0,0,0,9115,2166.6,21083.4,0,0,83.4,2.8,0,0
SC,Santa Cruz Island,LS,Little Scorpion,2005,Outside,500,29.2,83.4,6833.4000000000005,236.2,0,250,0,0,0,0,0,0,33.4,0,0,116.6,0,0,0,166.6,219.4,0,0,1.4,916.6,833.4,100,0,0,1.4,0,12583.4,24083.4,0,0,0,8.4,0,0
SC,Santa Cruz Island,LS,Little Scorpion,2006,Outside,166.6,0,166.6,6166.5999999999995,94.39999999999999,0,416.6,0,0,0,0,0,0,58.4,0,0,132,230.6,0,0,83.4,227.8,0,0,0,500,1333.3999999999999,220,0,0,2.8,0,9250,21250,0,0,0,12.6,0,0
SC,Santa Cruz Island,LS,Little Scorpion,2007,Outside,416.6,27.799999999999997,0,7500,58.4,0,166.6,0,0,0,0,0,0,57,0,0,130.6,58.4,166.6,0,250,487.59999999999997,0,0,1.4,833.4,2083.4,180,0,0,0,0,11750,21666.6,0,0,166.6,16.6,0,0
SC,Santa Cruz Island,LS,Little Scorpion,2008,Outside,83.4,25,333.4,1916.6000000000001,32,0,83.4,0,0,0,0,0,0,27.799999999999997,0,0,111.19999999999999,107,0,0,250,507,0,0,5.6,1000,3416.6,290,0,0,0,0,10083.4,21666.6,0,0,166.6,16.6,0,0
SC,Santa Cruz Island,LS,Little Scorpion,2009,Outside,83.4,33.4,0,6000,44.4,0,250,0,0,0,0,0,0,27.799999999999997,0,0,108.39999999999999,9.799999999999999,2000,0,250,370.8,1.4,0,2.8,583.4,3250,200,0,0,0,0,10583.4,18833.4,0,0,166.6,13.799999999999999,0,0
SC,Santa Cruz Island,LS,Little Scorpion,2010,Outside,0,9.799999999999999,0,4083.4,19.400000000000002,0,0,0,0,0,0,0,0,12.6,0,0,129.20000000000002,333.4,1083.3999999999999,0,750,480.6,0,0,1.4,666.6,5416.5999999999995,620,0,0,0,0,9583.4,26750,0,0,166.6,41.6,0,0
SC,Santa Cruz Island,LS,Little Scorpion,2011,Outside,0,8.4,0,8083.4,29.2,0,250,0,0,0,0,0,0,7,0,0,102.8,1479.2,0,0,333.4,427.8,0,0,0,666.6,4833.4000000000005,340,0,0,0,0,19333.4,49333.399999999994,0,0,250,52.8,0,0
SC,Santa Cruz Island,LS,Little Scorpion,2012,Outside,0,0,0,5833.4000000000005,15.2,0,916.6,41.6,0,0,0,1.4,0,2.8,0,0,88.8,929.2,0,0,416.6,469.4,0,0,0,1000,5916.5999999999995,490,10,0,0,0,30333.4,69083.4,0,0,333.4,45.8,0,0
SC,Santa Cruz Island,LS,Little Scorpion,2013,Outside,0,2.8,83.4,4833.4000000000005,8.4,0,583.4,0,0,0,0,0,0,4.2,0,0,100,184.79999999999998,166.6,0,0,227.8,1.4,0,0,416.6,2833.4,190,10,0,0,0,29166.6,61500,0,0,250,38.800000000000004,0,0
SC,Santa Cruz Island,LS,Little Scorpion,2014,Outside,0,2.8,0,2333.4,5.6,0,250,0,0,0,1.4,0,0,5.6,0,83.4,68,138.8,0,0,166.6,132,1.4,0,0,500,5416.5999999999995,0,0,0,0,0,33500,46416.600000000006,0,0,0,22.2,0,0
SC,Santa Cruz Island,LS,Little Scorpion,2015,Outside,0,66.60000000000001,83.4,2583.4,84.8,0,583.4,0,0,0,0,0,0,69.4,0,0,100,36.2,1166.6000000000001,0,1000,173.6,0,0,0,0,250,0,0,0,0,15,20583.4,28666.6,0,0,166.6,11.2,0,0
SC,Santa Cruz Island,LS,Little Scorpion,2016,Outside,83.4,16.6,1000,583.4,33.4,0,333.4,416.6,0,0,0,0,0,82,0,0,87.4,1.4,9250,0,3166.6,155.6,1.4,0,2.8,0,333.4,1.4,0,0,0,685,5583.4000000000005,10000,0,0,83.4,2.8,0,0
SC,Santa Cruz Island,LS,Little Scorpion,2017,Outside,250,38.800000000000004,416.6,2250,132,0,250,0,0,0,0,0,0,32,0,83.4,91.6,4866.6,6333.4000000000005,0,3583.4,195.8,1.4,0,5.6,250,1750,0,0,0,0,4490,6333.4000000000005,11166.6,0,0,500,4.2,0,0
SC,Santa Cruz Island,LS,Little Scorpion,2018,Outside,1583.3999999999999,23.599999999999998,250,416.6,125,0,0,0,0,0,0,0,0,97.19999999999999,0,0,72.2,1379.2,9333.4,0,7500,165.20000000000002,0,0,9.799999999999999,0,0,0,0,0,0,1475,7500,16083.400000000001,0,0,166.6,0,0,0
SC,Santa Cruz Island,LS,Little Scorpion,2019,Outside,1083.3999999999999,112.4,500,166.6,154.20000000000002,0,500,0,0,0,0,0,0,151.4,83.4,0,88.8,1152.8,6833.4000000000005,0,8833.4,12.6,0,0,2.8,333.4,3833.4,1.4,0,0,0,13665,8333.4,7000,0,0,0,1.4,0,0
SC,Santa Cruz Island,PP,Potato Pasture,2005,Inside,166.6,29.2,250,3416.6,258.40000000000003,0,500,0,0,0,0,0,0,1.4,0,0,172.2,565.2,0,0,166.6,32,1.4,0,0,833.4,1000,130,0,0,0,0,11416.6,44333.399999999994,0,0,0,30.599999999999998,0,0
SC,Santa Cruz Island,PP,Potato Pasture,2006,Inside,583.4,11.2,250,3583.4,112.4,0,83.4,0,0,0,0,0,0,26.4,0,0,169.4,484.8,0,0,83.4,52.8,1.4,0,0,1250,916.6,80,0,0,0,0,13083.4,57416.600000000006,0,0,333.4,22.2,0,0
SC,Santa Cruz Island,PP,Potato Pasture,2007,Inside,500,12.6,0,3500,154.20000000000002,0,0,0,0,0,0,0,0,25,0,0,168,707,0,0,583.4,104.2,0,0,2.8,1333.3999999999999,750,110,0,0,1.4,0,14666.6,51166.600000000006,0,0,83.4,65.19999999999999,0,0
SC,Santa Cruz Island,PP,Potato Pasture,2008,Inside,416.6,2.8,166.6,2500,148.60000000000002,0,500,0,0,0,0,0,0,13.799999999999999,0,0,172.2,290.2,0,0,333.4,86.2,2.8,0,7,750,750,130,0,0,1.4,0,13333.4,31916.6,0,0,250,40.2,0,0
SC,Santa Cruz Island,PP,Potato Pasture,2009,Inside,83.4,5.6,416.6,3416.6,120.80000000000001,0,83.4,0,0,0,0,0,0,16.6,0,0,173.6,22.2,416.6,0,83.4,68,5.6,0,11.2,1750,2083.4,170,0,0,0,0,9166.6,39666.600000000006,0,0,833.4,47.199999999999996,0,0
SC,Santa Cruz Island,PP,Potato Pasture,2010,Inside,83.4,9.799999999999999,833.4,833.4,82,0,0,1875,0,0,0,0,0,12.6,0,0,158.4,37.400000000000006,166.6,275,333.4,51.4,4.2,0,11.2,2250,1833.3999999999999,150,0,0,0,0,4750,27500,0,0,250,133.39999999999998,0,0
SC,Santa Cruz Island,PP,Potato Pasture,2011,Inside,250,51.4,0,1833.3999999999999,75,0,416.6,458.4,0,0,0,0,0,11.2,0,0,151.4,151.4,0,60,583.4,40.2,4.2,0,9.799999999999999,2000,3833.4,340,0,0,0,0,8000,80583.4,0,0,250,120.80000000000001,0,0
SC,Santa Cruz Island,PP,Potato Pasture,2012,Inside,0,13.799999999999999,250,2750,40.2,0,83.4,333.4,0,0,0,0,0,22.2,0,83.4,136.2,51.4,0,25,0,37.400000000000006,2.8,0,9.799999999999999,1583.3999999999999,3583.4,310,40,0,0,0,6166.5999999999995,44833.399999999994,0,0,166.6,184.79999999999998,0,0
SC,Santa Cruz Island,PP,Potato Pasture,2013,Inside,0,25,250,2833.4,73.6,0,166.6,958.4,0,0,0,0,0,5.6,125,250,127.8,8.4,0,20,166.6,37.400000000000006,1.4,0,13.799999999999999,3166.6,1750,200,30,0,0,25,8833.4,49083.399999999994,0,0,500,157,0,0
SC,Santa Cruz Island,PP,Potato Pasture,2014,Inside,1583.3999999999999,41.6,583.4,2083.4,57,0,750,10166.6,0,0,0,0,0,50,750,0,109.8,34.8,0,175,166.6,15.2,0,0,27.799999999999997,2166.6,1166.6000000000001,2.8,0,0,0,4885,3333.4,28750,0,0,666.6,155.6,0,0
SC,Santa Cruz Island,PP,Potato Pasture,2015,Inside,666.6,33.4,2083.4,250,166.6,0,250,8458.4,0,0,0,0,0,22.2,416.6,0,80.60000000000001,1.4,1333.3999999999999,505,166.6,1.4,2.8,0,30.599999999999998,1333.3999999999999,83.4,0,0,0,0,44530,666.6,4166.5999999999995,0,0,250,50,0,0
SC,Santa Cruz Island,PP,Potato Pasture,2016,Inside,666.6,25,2250,166.6,115.2,0,0,6166.5999999999995,0,0,0,0,0,75,0,0,43,0,2500,380,1500,1.4,2.8,0,32,1416.6000000000001,0,1.4,0,0,0,68480,416.6,1000,0,0,83.4,30.599999999999998,0,0
SC,Santa Cruz Island,PP,Potato Pasture,2017,Inside,250,1.4,1000,0,66.60000000000001,0,83.4,6500,0,0,0,0,0,120.80000000000001,0,0,15.2,161.20000000000002,750,845,500,0,1.4,0,23.599999999999998,1166.6000000000001,333.4,0,0,0,0,14530,583.4,1166.6000000000001,0,0,0,41.6,0,0
SC,Santa Cruz Island,PP,Potato Pasture,2018,Inside,2666.6,0,500,83.4,157,0,166.6,4333.4000000000005,0,1.4,0,0,0,50,0,0,11.2,1.4,3750,500,500,0,4.2,0,61.199999999999996,1000,500,0,0,0,0,2070,1000,4583.4000000000005,0,0,250,5.6,1.4,0
SC,Santa Cruz Island,PP,Potato Pasture,2019,Inside,583.4,5.6,666.6,0,129.20000000000002,0,166.6,4333.4000000000005,0,0,0,0,0,68,2666.6,0,26.4,8.4,0,2630,666.6,0,2.8,0,20.8,1500,333.4,1.4,0,0,0,270,416.6,1500,0,0,0,4.2,0,0
SC,Santa Cruz Island,PRF,Pedro Reef,2005,Outside,0,30.599999999999998,500,4083.4,88.8,0,250,0,0,0,0,0,0,102.8,0,0,386.2,105.6,0,0,2583.4,26.4,5.6,0,0,250,500,70,0,0,0,0,11750,95916.6,0,0,0,63.8,0,0
SC,Santa Cruz Island,PRF,Pedro Reef,2006,Outside,0,40.2,166.6,3500,65.19999999999999,0,833.4,0,0,0,0,0,0,33.4,0,0,293,236.2,83.4,0,3083.4,33.4,4.2,2.8,0,500,250,30,0,0,0,0,22833.4,120000,0,0,166.6,65.19999999999999,0,0
SC,Santa Cruz Island,PRF,Pedro Reef,2007,Outside,0,26.4,166.6,7333.4000000000005,44.4,0,83.4,0,0,0,0,0,0,4.2,0,0,279.2,857,0,0,2000,65.19999999999999,5.6,0,1.4,166.6,250,90,0,0,0,0,14916.6,98333.4,0,0,0,86.2,0,0
SC,Santa Cruz Island,PRF,Pedro Reef,2008,Outside,0,36.2,333.4,2416.6,11.2,0,1750,0,0,0,0,0,0,4.2,0,0,286.2,633.4,0,0,1333.3999999999999,57,8.4,1.4,0,1000,1250,100,0,0,1.4,0,17083.4,118500,0,0,0,150,0,0
SC,Santa Cruz Island,PRF,Pedro Reef,2009,Outside,0,72.2,0,5333.4000000000005,7,0,500,0,0,0,0,0,0,4.2,0,0,287.4,245.79999999999998,83.4,0,83.4,82,7,2.8,0,583.4,1250,140,0,0,0,0,22916.6,148750,0,0,0,100,0,0
SC,Santa Cruz Island,PRF,Pedro Reef,2010,Outside,0,79.2,250,3250,16.6,0,416.6,0,0,0,0,0,0,5.6,0,0,273.6,683.4,0,0,666.6,80.60000000000001,5.6,0,0,166.6,1083.3999999999999,220,0,0,4.2,0,25166.6,138916.59999999998,0,0,0,176.4,0,0
SC,Santa Cruz Island,PRF,Pedro Reef,2011,Outside,0,84.8,83.4,6666.5999999999995,34.8,0,500,0,0,0,0,0,0,8.4,0,0,286.2,1207,0,5,1416.6000000000001,72.2,7,0,0,250,2166.6,280,0,0,0,0,48416.600000000006,267750,0,0,0,150,0,0
SC,Santa Cruz Island,PRF,Pedro Reef,2012,Outside,0,27.799999999999997,166.6,6000,8.4,0,2583.4,250,0,0,0,2.8,0,2.8,0,0,234.8,875,0,0,0,37.400000000000006,5.6,0,0,333.4,3000,630,0,0,2.8,0,36666.600000000006,208833.40000000002,0,0,0,41.6,0,0
SC,Santa Cruz Island,PRF,Pedro Reef,2013,Outside,83.4,19.400000000000002,166.6,13500,33.4,0,750,41.6,0,0,0,0,0,7,0,0,205.6,644.4,0,0,250,11.2,1.4,0,0,333.4,583.4,250,20,0,0,0,32833.399999999994,192333.40000000002,0,0,0,63.8,0,0
SC,Santa Cruz Island,PRF,Pedro Reef,2014,Outside,0,86.2,166.6,5833.4000000000005,45.8,0,333.4,41.6,0,0,0,0,0,18,0,0,204.2,120.80000000000001,0,0,1333.3999999999999,8.4,4.2,0,0,0,333.4,1.4,0,0,0,0,24083.4,174583.40000000002,0,0,0,47.199999999999996,0,0
SC,Santa Cruz Island,PRF,Pedro Reef,2015,Outside,0,244.4,4333.4000000000005,2250,59.8,0,833.4,41.6,0,0,0,0,0,123.60000000000001,0,0,191.6,279.2,0,0,3083.4,7,4.2,0,0,0,0,5.6,0,0,0,60,9583.4,114500,0,0,0,32,0,0
SC,Santa Cruz Island,PRF,Pedro Reef,2016,Outside,0,9.799999999999999,5083.4000000000005,750,11.2,0,333.4,0,0,0,0,0,0,433.40000000000003,0,0,144.4,13.799999999999999,4250,5,5250,7,2.8,0,0,83.4,83.4,0,0,0,0,143930,8083.4,46500,0,0,0,4.2,0,0
SC,Santa Cruz Island,PRF,Pedro Reef,2017,Outside,0,68,1166.6000000000001,833.4,45.8,0,666.6,0,0,0,0,0,0,180.60000000000002,0,0,76.39999999999999,5832,1333.3999999999999,0,5750,8.4,5.6,0,0,83.4,166.6,8.4,0,0,0,210,14666.6,52583.399999999994,0,0,0,4.2,0,0
SC,Santa Cruz Island,PRF,Pedro Reef,2018,Outside,83.4,30.599999999999998,1333.3999999999999,250,75,0,333.4,0,0,0,0,0,0,141.6,0,0,43,2093,1000,0,16083.400000000001,11.2,7,0,0,83.4,750,2.8,1.4,0,0,0,10000,56750,0,0,0,0,0,0
SC,Santa Cruz Island,PRF,Pedro Reef,2019,Outside,0,25,916.6,333.4,51.4,0,333.4,0,0,0,0,0,0,144.4,0,0,22.2,220.79999999999998,750,0,24083.4,1.4,9.799999999999999,0,0,0,83.4,0,0,0,0,8440,1750,24583.4,0,0,83.4,0,0,0
SC,Santa Cruz Island,SA,Scorpion Anchorage,2005,Inside,166.6,4.2,166.6,7333.4000000000005,94.39999999999999,0,750,0,0,0,0,0,0,0,0,0,1.4,0,0,20,250,75,0,2.8,4.2,333.4,250,110,0,0,0,0,6083.4000000000005,77250,0,0,0,36.2,0,0
SC,Santa Cruz Island,SA,Scorpion Anchorage,2006,Inside,250,5.6,0,4000,54.199999999999996,0,333.4,0,0,0,0,0,0,0,0,0,2.8,5.6,0,0,666.6,86.2,0,0,23.599999999999998,666.6,250,40,0,0,2.8,0,5750,81333.4,0,0,0,36.2,0,0
SC,Santa Cruz Island,SA,Scorpion Anchorage,2007,Inside,500,15.2,0,5416.5999999999995,15.2,0,1083.3999999999999,0,0,0,0,0,0,0,41.6,0,1.4,0,0,240,1000,118,0,0,7,666.6,500,110,0,0,0,0,8000,76916.6,0,0,0,30.599999999999998,0,0
SC,Santa Cruz Island,SA,Scorpion Anchorage,2008,Inside,83.4,23.599999999999998,0,3166.6,48.599999999999994,0,83.4,0,0,0,0,0,0,0,83.4,0,1.4,1.4,0,230,500,144.4,0,0,22.2,1083.3999999999999,333.4,120,0,0,0,0,9166.6,55916.600000000006,0,0,0,51.4,0,0
SC,Santa Cruz Island,SA,Scorpion Anchorage,2009,Inside,0,72.2,0,2750,16.6,0,250,0,0,1.4,0,0,0,0,0,0,4.2,0,0,320,250,154.20000000000002,0,0,15.2,0,750,150,0,0,0,0,7416.5999999999995,86833.4,0,0,0,52.8,0,0
SC,Santa Cruz Island,SA,Scorpion Anchorage,2010,Inside,0,32,0,1333.3999999999999,22.2,0,83.4,0,0,0,0,0,0,0,0,0,2.8,0,0,5,333.4,200,0,0,11.2,1833.3999999999999,833.4,210,0,0,0,0,7750,70916.6,0,0,0,55.599999999999994,0,0
SC,Santa Cruz Island,SA,Scorpion Anchorage,2011,Inside,0,12.6,0,3916.6,26.4,0,250,0,0,0,0,0,0,0,0,0,2.8,7,0,0,166.6,309.8,0,0,18,1250,1083.3999999999999,530,0,0,0,0,13583.4,124000,0,0,0,51.4,0,0
SC,Santa Cruz Island,SA,Scorpion Anchorage,2012,Inside,0,33.4,0,4916.5999999999995,11.2,0,0,0,0,0,0,0,0,1.4,0,0,1.4,2.8,0,0,83.4,165.20000000000002,0,0,27.799999999999997,1333.3999999999999,1750,360,30,0,0,0,11416.6,164416.59999999998,0,0,0,62.4,0,0
SC,Santa Cruz Island,SA,Scorpion Anchorage,2013,Inside,0,15.2,166.6,4250,12.6,0,83.4,0,0,0,0,0,0,1.4,41.6,0,1.4,0,0,0,166.6,97.19999999999999,0,0,8.4,1583.3999999999999,250,170,90,0,0,0,10500,142250,0,0,0,23.599999999999998,0,0
SC,Santa Cruz Island,SA,Scorpion Anchorage,2014,Inside,83.4,25,83.4,3750,23.599999999999998,0,0,0,0,0,0,0,0,2.8,291.6,0,1.4,0,0,625,250,11.2,0,0,18,1666.6000000000001,83.4,0,0,0,0,170,5833.4000000000005,54166.600000000006,0,0,0,52.8,0,0
SC,Santa Cruz Island,SA,Scorpion Anchorage,2015,Inside,0,5.6,583.4,583.4,40.2,0,83.4,83.4,0,0,0,0,0,8.4,83.4,0,1.4,0,1083.3999999999999,545,2833.4,1.4,0,0,44.4,83.4,0,0,1.4,0,0,13620,1416.6000000000001,22916.6,0,0,0,9.799999999999999,0,0
SC,Santa Cruz Island,SA,Scorpion Anchorage,2016,Inside,0,2.8,1000,83.4,38.800000000000004,0,0,500,0,0,0,0,0,8.4,83.4,0,0,1.4,583.4,2025,4416.5999999999995,0,0,0,50,1000,0,0,0,0,0,60800,500,2750,0,0,0,2.8,0,0
SC,Santa Cruz Island,SA,Scorpion Anchorage,2017,Inside,583.4,25,83.4,250,37.400000000000006,0,83.4,125,0,0,0,0,0,9.799999999999999,1166.6000000000001,0,1.4,0,416.6,1360,7333.4000000000005,0,0,0,79.2,916.6,0,0,0,0,0,41915,1916.6000000000001,6166.5999999999995,0,0,0,0,0,0
SC,Santa Cruz Island,SA,Scorpion Anchorage,2018,Inside,833.4,0,166.6,166.6,69.4,0,83.4,41.6,0,0,0,0,0,2.8,1916.6000000000001,0,0,0,500,6380,7166.5999999999995,0,0,0,83.4,583.4,0,0,0,41.6,0,12750,1500,6416.5999999999995,0,0,0,0,0,0
SC,Santa Cruz Island,SA,Scorpion Anchorage,2019,Inside,916.6,0,83.4,0,72.2,0,333.4,0,0,1.4,1.4,0,0,27.799999999999997,2041.6,0,1.4,0,0,840,6833.4000000000005,0,0,0,51.4,1000,0,2.8,0,0,0,5930,1416.6000000000001,4166.5999999999995,0,0,0,0,0,0
SR,Santa Rosa Island,CP,Cluster Point,2005,Outside,0,0,0,0,27.799999999999997,0,0,41.6,0,0,0,2.8,0,29.2,0,0,0,0,0,135,0,37.400000000000006,0,0,0,250,3083.4,250,0,958.4,32,0,916.6,1083.3999999999999,416.6,0,0,390.2,79.2,0
SR,Santa Rosa Island,CP,Cluster Point,2006,Outside,0,0,0,0,27.799999999999997,0,250,41.6,0,0,0,1.4,0,12.6,0,0,0,0,0,1255,0,20.8,0,0,0,500,3250,230,0,7250,65.19999999999999,0,2083.4,583.4,666.6,0,0,276.4,61.199999999999996,0
SR,Santa Rosa Island,CP,Cluster Point,2007,Outside,0,0,0,0,43,0,416.6,41.6,0,0,0,2.8,0,16.6,208.4,83.4,0,0,0,320,0,29.2,0,0,0,333.4,5250,220,0,5958.4000000000005,33.4,0,4666.5999999999995,2500,916.6,0,0,350,95.8,0
SR,Santa Rosa Island,CP,Cluster Point,2008,Outside,0,2.8,0,83.4,37.400000000000006,0,416.6,125,0,0,0,1.4,0,15.2,83.4,0,0,0,0,735,0,26.4,0,0,0,416.6,4000,660,0,11291.6,11.2,0,5583.4000000000005,4333.4000000000005,583.4,0,0,313.8,48.599999999999994,0
SR,Santa Rosa Island,CP,Cluster Point,2009,Outside,0,0,0,83.4,15.2,0,1166.6000000000001,208.4,0,0,0,4.2,0,20.8,0,0,0,0,0,415,0,32,0,0,0,250,8416.6,260,0,4166.5999999999995,19.400000000000002,0,8500,12833.4,1833.3999999999999,0,0,422.20000000000005,76.39999999999999,0
SR,Santa Rosa Island,CP,Cluster Point,2010,Outside,0,0,0,83.4,36.2,0,333.4,333.4,0,0,0,1.4,0,48.599999999999994,0,0,0,0,0,120,0,20.8,0,0,0,583.4,4500,260,0,2208.4,13.799999999999999,0,8500,12833.4,916.6,0,0,412.4,77.8,0
SR,Santa Rosa Island,CP,Cluster Point,2011,Outside,0,0,0,166.6,26.4,0,416.6,458.4,0,0,0,0,0,16.6,0,0,0,0,0,80,0,34.8,0,0,0,333.4,10083.4,210,0,1958.3999999999999,20.8,0,11916.6,16500,2333.4,0,0,382,77.8,0
SR,Santa Rosa Island,CP,Cluster Point,2012,Outside,0,0,0,83.4,30.599999999999998,0,583.4,416.6,0,0,0,1.4,0,8.4,0,0,0,0,0,75,0,45.8,0,0,0,333.4,7666.5999999999995,270,0,583.4,40.2,0,8583.4,4666.5999999999995,1333.3999999999999,0,0,376.40000000000003,97.19999999999999,0
SR,Santa Rosa Island,CP,Cluster Point,2013,Outside,0,0,0,333.4,48.599999999999994,0,166.6,1000,0,0,0,1.4,0,32,83.4,0,0,0,0,70,0,38.800000000000004,0,0,0,166.6,9166.6,200,0,458.4,34.8,0,9583.4,13333.4,583.4,0,0,437.59999999999997,125,0
SR,Santa Rosa Island,CP,Cluster Point,2014,Outside,0,2.8,0,500,61.199999999999996,1.4,250,958.4,0,0,0,0,0,18,0,83.4,0,0,0,90,0,37.400000000000006,0,0,0,333.4,8000,2.8,0,500,0,0,11583.4,22250,583.4,0,0,405.6,87.4,0
SR,Santa Rosa Island,CP,Cluster Point,2015,Outside,0,23.599999999999998,0,333.4,376.40000000000003,0,416.6,583.4,0,0,0,20.8,0,23.599999999999998,0,0,0,2.8,0,115,0,62.4,0,0,0,416.6,2833.4,8.4,0,875,0,0,18833.4,44833.399999999994,416.6,0,0,301.4,93,0
SR,Santa Rosa Island,CP,Cluster Point,2016,Outside,0,0,0,83.4,409.8,1.4,416.6,458.4,0,0,0,2.8,0,23.599999999999998,0,0,0,1.4,0,5,166.6,77.8,0,0,0,333.4,1750,2.8,0,958.4,0,0,15333.4,46583.399999999994,0,0,0,245.79999999999998,100,0
SR,Santa Rosa Island,CP,Cluster Point,2017,Outside,0,0,0,83.4,579.2,0,333.4,0,0,0,0,34.8,0,25,0,83.4,0,7,0,0,83.4,73.6,0,0,0,250,2083.4,4.2,0,0,0,0,8583.4,69416.6,0,0,0,240.2,73.6,0
SR,Santa Rosa Island,CP,Cluster Point,2018,Outside,0,12.6,0,83.4,470.8,0,333.4,0,1.4,0,0,23.599999999999998,0,16.6,0,0,0,16.6,0,0,250,57,0,0,0,166.6,2916.6,0,0,0,0,0,8250,128750,0,0,0,180.60000000000002,94.39999999999999,0
SR,Santa Rosa Island,CP,Cluster Point,2019,Outside,0,23.599999999999998,83.4,500,1006.9999999999999,0,83.4,0,0,0,0,7,0,32,0,166.6,0,88.8,0,5,500,34.8,0,0,0,250,3333.4,1.4,0,0,0,0,6833.4000000000005,66750,0,0,0,61.199999999999996,100,0
SR,Santa Rosa Island,CSAW,Chickasaw,2005,Inside,0,0,0,166.6,13.799999999999999,0,166.6,0,0,0,0,30.599999999999998,0,0,0,0,0,0,0,135,0,9.799999999999999,0,0,0,0,2500,300,0,125,83.4,0,750,0,2666.6,0,0,172.2,122.2,0
SR,Santa Rosa Island,CSAW,Chickasaw,2006,Inside,0,0,0,0,18,0,0,0,0,0,0,23.599999999999998,0,0,41.6,0,0,0,0,335,0,9.799999999999999,0,0,0,166.6,2083.4,360,0,208.4,38.800000000000004,0,1166.6000000000001,166.6,583.4,0,0,112.4,132,0
SR,Santa Rosa Island,CSAW,Chickasaw,2007,Inside,0,0,0,500,13.799999999999999,0,833.4,0,0,0,0,16.6,0,0,1125,0,0,0,0,880,0,2.8,0,0,0,83.4,3250,580,0,875,5.6,0,2500,333.4,416.6,0,0,105.6,68,0
SR,Santa Rosa Island,CSAW,Chickasaw,2008,Inside,0,0,0,250,22.2,0,333.4,0,0,0,0,33.4,0,0,0,0,0,0,0,500,0,4.2,0,0,0,83.4,3750,280,0,291.6,19.400000000000002,0,2250,1416.6000000000001,666.6,0,0,151.4,104.2,0
SR,Santa Rosa Island,CSAW,Chickasaw,2009,Inside,0,45.8,0,166.6,12.6,0,333.4,41.6,0,0,0,22.2,0,0,0,0,0,0,0,655,0,7,0,0,0,166.6,4916.5999999999995,210,0,541.6,1.4,0,4750,3666.6,333.4,0,0,130.6,113.8,0
SR,Santa Rosa Island,CSAW,Chickasaw,2010,Inside,0,0,0,83.4,30.599999999999998,0,750,0,0,0,0,13.799999999999999,0,0,0,0,0,0,0,350,0,7,0,0,0,333.4,3666.6,320,0,500,5.6,0,4916.5999999999995,4750,1000,0,0,157,108.39999999999999,0
SR,Santa Rosa Island,CSAW,Chickasaw,2011,Inside,0,0,0,83.4,36.2,0,250,41.6,0,0,0,18,0,0,0,0,0,0,0,205,0,15.2,0,0,0,250,4750,290,0,416.6,12.6,0,6416.5999999999995,4000,1583.3999999999999,0,0,140.2,159.8,0
SR,Santa Rosa Island,CSAW,Chickasaw,2012,Inside,0,4.2,0,416.6,8.4,0,83.4,83.4,0,0,0,13.799999999999999,0,0,0,0,0,0,0,555,0,11.2,0,0,0,333.4,3500,120,0,250,7,0,8416.6,9250,0,0,0,108.39999999999999,107,0
SR,Santa Rosa Island,CSAW,Chickasaw,2013,Inside,0,0,0,916.6,22.2,0,166.6,0,0,0,0,22.2,0,0,0,0,0,0,0,290,0,18,0,0,0,250,4333.4000000000005,430,0,250,11.2,0,12833.4,3500,666.6,0,0,113.8,115.2,0
SR,Santa Rosa Island,CSAW,Chickasaw,2014,Inside,0,1.4,0,583.4,112.4,0,416.6,0,0,0,0,36.2,0,0,0,0,0,0,0,570,0,11.2,0,0,1.4,250,4666.5999999999995,0,0,83.4,0,0,9166.6,10500,500,0,0,151.4,120.80000000000001,0
SR,Santa Rosa Island,CSAW,Chickasaw,2015,Inside,0,80.60000000000001,83.4,1000,282,0,916.6,83.4,0,0,0,34.8,0,0,0,0,0,0,0,265,0,11.2,0,0,1.4,416.6,2250,4.2,0,333.4,0,0,12583.4,31500,583.4,0,0,98.6,109.8,0
SR,Santa Rosa Island,CSAW,Chickasaw,2016,Inside,0,15.2,0,583.4,461.2,0,250,0,0,0,0,33.4,0,0,0,0,0,0,0,285,0,16.6,0,0,1.4,0,1250,8.4,0,291.6,0,0,14916.6,24916.6,416.6,0,0,119.4,122.2,0
SR,Santa Rosa Island,CSAW,Chickasaw,2017,Inside,0,7,0,166.6,373.59999999999997,0,500,125,0,0,0,19.400000000000002,0,1.4,0,0,0,0,0,305,166.6,36.2,0,0,1.4,250,1083.3999999999999,13.799999999999999,0,1750,0,0,9666.6,41500,500,0,0,86.2,95.8,0
SR,Santa Rosa Island,CSAW,Chickasaw,2018,Inside,0,0,0,0,490.20000000000005,0,333.4,83.4,0,0,0,22.2,0,0,0,83.4,0,0,0,210,833.4,52.8,0,0,0,750,1333.3999999999999,4.2,0,375,0,0,15583.4,43500,166.6,0,0,79.2,118,0
SR,Santa Rosa Island,CSAW,Chickasaw,2019,Inside,83.4,0,0,0,618,0,1166.6000000000001,0,0,0,0,26.4,0,0,0,0,0,0,0,210,583.4,33.4,0,0,1.4,333.4,1750,2.8,0,166.6,0,0,21500,52583.399999999994,0,0,0,118,101.4,0
SR,Santa Rosa Island,JLNO,Johnson's Lee North,2005,Outside,0,0,0,0,12.6,0,500,0,0,0,0,12.6,0,4.2,41.6,0,0,0,0,775,0,1.4,0,0,0,333.4,750,290,0,291.6,130.6,0,1250,0,11750,0,0,161.20000000000002,23.599999999999998,0
SR,Santa Rosa Island,JLNO,Johnson's Lee North,2006,Outside,0,0,0,250,29.2,0,1583.3999999999999,0,0,0,0,12.6,0,1.4,125,0,0,0,0,540,0,7,0,0,0,166.6,750,240,0,500,113.8,0,3666.6,1333.3999999999999,7166.5999999999995,0,0,147.2,44.4,0
SR,Santa Rosa Island,JLNO,Johnson's Lee North,2007,Outside,0,0,0,333.4,16.6,0,1000,0,0,0,0,15.2,0,1.4,333.4,0,1.4,0,0,1010,0,4.2,0,0,0,500,1583.3999999999999,250,0,291.6,82,0,1916.6000000000001,166.6,12583.4,0,0,127.8,12.6,0
SR,Santa Rosa Island,JLNO,Johnson's Lee North,2008,Outside,0,0,0,166.6,12.6,0,166.6,0,0,0,0,15.2,0,4.2,625,0,0,0,0,850,0,4.2,0,0,0,0,2083.4,300,0,1708.3999999999999,138.8,0,250,83.4,12333.4,0,0,148.60000000000002,12.6,0
SR,Santa Rosa Island,JLNO,Johnson's Lee North,2009,Outside,0,4.2,0,166.6,11.2,0,166.6,0,0,0,0,29.2,0,4.2,916.6,0,1.4,0,0,790,83.4,8.4,0,0,0,0,3416.6,300,0,666.6,69.4,0,500,666.6,6000,0,0,101.4,13.799999999999999,0
SR,Santa Rosa Island,JLNO,Johnson's Lee North,2010,Outside,83.4,0,0,83.4,27.799999999999997,0,583.4,41.6,0,0,0,19.400000000000002,0,1.4,750,0,0,0,0,515,0,12.6,0,0,0,83.4,4416.5999999999995,270,0,416.6,108.39999999999999,0,4916.5999999999995,2333.4,10250,0,0,163.8,26.4,0
SR,Santa Rosa Island,JLNO,Johnson's Lee North,2011,Outside,0,0,0,83.4,12.6,0,416.6,250,0,0,0,25,0,0,2541.6,0,0,0,0,835,0,18,0,0,0,166.6,2750,340,0,708.4,79.2,0,1166.6000000000001,500,6250,0,0,134.8,19.400000000000002,0
SR,Santa Rosa Island,JLNO,Johnson's Lee North,2012,Outside,0,5.6,0,1166.6000000000001,16.6,0,666.6,0,0,0,0,18,0,1.4,1125,0,0,0,0,930,0,9.799999999999999,0,0,0,0,5916.5999999999995,290,0,791.6,69.4,0,666.6,666.6,6083.4000000000005,0,0,115.2,23.599999999999998,0
SR,Santa Rosa Island,JLNO,Johnson's Lee North,2013,Outside,0,0,0,750,25,0,666.6,0,0,0,0,33.4,0,0,1166.6000000000001,0,0,0,0,555,0,19.400000000000002,0,0,0,0,3916.6,190,0,1208.3999999999999,182,0,500,250,2583.4,0,0,161.20000000000002,54.199999999999996,0
SR,Santa Rosa Island,JLNO,Johnson's Lee North,2014,Outside,0,7,0,83.4,109.8,0,750,0,0,0,0,16.6,0,0,2750,0,0,1.4,0,910,83.4,26.4,0,0,0,83.4,2750,0,0,1125,0,0,3666.6,49916.600000000006,2500,0,0,155.6,41.6,0
SR,Santa Rosa Island,JLNO,Johnson's Lee North,2015,Outside,0,51.4,583.4,1000,84.8,0,1666.6000000000001,0,0,0,0,68,0,4.2,458.4,0,0,94.39999999999999,0,355,0,20.8,0,0,0,0,83.4,1.4,0,291.6,0,0,8750,129416.59999999999,666.6,0,0,126.4,43,0
SR,Santa Rosa Island,JLNO,Johnson's Lee North,2016,Outside,0,9.799999999999999,0,500,340.2,0,416.6,0,0,0,0,18,0,2.8,0,0,0,23.599999999999998,0,0,1583.3999999999999,54.199999999999996,0,0,2.8,0,250,8.4,0,0,0,0,5416.5999999999995,98750,0,0,0,104.2,27.799999999999997,0
SR,Santa Rosa Island,JLNO,Johnson's Lee North,2017,Outside,0,12.6,0,416.6,344.4,0,1833.3999999999999,0,0,0,0,0,0,4.2,0,0,2.8,522.2,0,40,3250,44.4,0,0,0,166.6,583.4,2.8,0,0,0,0,6083.4000000000005,116083.4,0,0,0,63.8,23.599999999999998,0
SR,Santa Rosa Island,JLNO,Johnson's Lee North,2018,Outside,0,36.2,83.4,500,368,0,1666.6000000000001,0,0,0,0,0,0,1.4,0,0,1.4,872.1999999999999,0,0,3000,30.599999999999998,0,0,0,83.4,750,5.6,0,0,0,0,7500,266166.60000000003,0,0,0,38.800000000000004,34.8,0
SR,Santa Rosa Island,JLNO,Johnson's Lee North,2019,Outside,0,108.39999999999999,250,1000,329.2,0,1083.3999999999999,0,0,0,0,0,0,7,41.6,0,8.4,461.2,0,240,3083.4,9.799999999999999,1.4,0,1.4,166.6,916.6,2.8,0,0,0,0,6666.5999999999995,159750,0,0,0,26.4,19.400000000000002,0
SR,Santa Rosa Island,JLSO,Johnson's Lee South,2005,Outside,0,0,0,750,4.2,0,583.4,83.4,0,0,0,2.8,0,20.8,416.6,83.4,59.8,0,0,315,0,5.6,0,0,0,83.4,6250,240,0,41.6,104.2,0,0,250,2000,0,0,330.6,157,0
SR,Santa Rosa Island,JLSO,Johnson's Lee South,2006,Outside,0,1.4,0,750,16.6,0,500,83.4,0,0,0,1.4,0,13.799999999999999,1041.6000000000001,83.4,57,0,0,645,0,2.8,1.4,0,0,83.4,6166.5999999999995,40,0,416.6,193,0,1166.6000000000001,1166.6000000000001,1500,0,0,268,158.4,0
SR,Santa Rosa Island,JLSO,Johnson's Lee South,2007,Outside,0,1.4,0,2500,12.6,0,166.6,0,0,0,0,4.2,0,34.8,166.6,0,51.4,0,0,540,83.4,1.4,0,0,0,250,7500,30,0,458.4,168,0,1166.6000000000001,500,1250,0,0,418,182,0
SR,Santa Rosa Island,JLSO,Johnson's Lee South,2008,Outside,0,0,0,1666.6000000000001,26.4,0,416.6,0,0,0,0,11.2,0,13.799999999999999,500,83.4,51.4,0,0,410,0,2.8,1.4,0,0,83.4,7166.5999999999995,150,0,83.4,240.2,0,2833.4,6416.5999999999995,583.4,0,0,354.2,165.20000000000002,0
SR,Santa Rosa Island,JLSO,Johnson's Lee South,2009,Outside,0,11.2,0,3416.6,18,0,1000,0,0,0,0,4.2,0,43,583.4,0,43,0,0,520,0,2.8,0,0,0,83.4,9000,100,0,125,72.2,0,666.6,6083.4000000000005,2000,0,0,236.2,95.8,0
SR,Santa Rosa Island,JLSO,Johnson's Lee South,2010,Outside,0,0,0,2166.6,22.2,0,1333.3999999999999,125,0,0,0,7,0,27.799999999999997,833.4,0,55.599999999999994,0,0,285,0,7,1.4,0,0,0,9333.4,210,0,0,179.2,0,1250,8666.6,7333.4000000000005,0,0,432,155.6,0
SR,Santa Rosa Island,JLSO,Johnson's Lee South,2011,Outside,0,0,0,1000,34.8,0,583.4,83.4,0,0,0,7,0,1.4,2041.6,0,47.199999999999996,0,0,185,0,7,0,0,0,0,11583.4,280,0,208.4,91.6,0,1833.3999999999999,7916.5999999999995,5666.5999999999995,0,0,295.8,184.79999999999998,0
SR,Santa Rosa Island,JLSO,Johnson's Lee South,2012,Outside,0,13.799999999999999,0,916.6,37.400000000000006,0,1250,375,0,0,0,4.2,0,18,1375,0,18,0,0,395,0,11.2,2.8,0,0,83.4,9583.4,180,0,125,61.199999999999996,0,2750,2500,2833.4,0,0,343,152.79999999999998,0
SR,Santa Rosa Island,JLSO,Johnson's Lee South,2013,Outside,0,0,0,2333.4,11.2,1.4,1583.3999999999999,250,0,0,0,2.8,0,26.4,1125,0,19.400000000000002,0,0,265,0,5.6,0,0,0,250,11666.6,630,0,0,40.2,0,6833.4000000000005,1750,1000,0,0,347.2,143,0
SR,Santa Rosa Island,JLSO,Johnson's Lee South,2014,Outside,0,5.6,0,3416.6,25,0,750,166.6,0,0,0,4.2,0,20.8,791.6,0,26.4,0,0,160,0,1.4,1.4,0,0,83.4,8750,1.4,0,41.6,0,0,1916.6000000000001,13416.6,500,0,0,338.8,143,0
SR,Santa Rosa Island,JLSO,Johnson's Lee South,2015,Outside,0,101.4,0,916.6,180.60000000000002,0,750,875,0,0,0,5.6,0,80.60000000000001,1291.6000000000001,0,19.400000000000002,0,0,280,83.4,4.2,1.4,0,0,83.4,2916.6,1.4,0,41.6,0,0,11083.4,45500,83.4,0,0,222.20000000000002,119.4,0
SR,Santa Rosa Island,JLSO,Johnson's Lee South,2016,Outside,0,26.4,0,1833.3999999999999,290.2,0,1250,0,0,0,0,23.599999999999998,0,86.2,0,0,27.799999999999997,5.6,0,40,83.4,11.2,1.4,1.4,0,0,2416.6,0,0,0,0,0,50083.399999999994,56750,0,0,0,109.8,143,0
SR,Santa Rosa Island,JLSO,Johnson's Lee South,2017,Outside,0,0,0,1416.6000000000001,415.2,0,750,0,0,0,0,0,0,108.39999999999999,0,0,13.799999999999999,1355.6,0,0,166.6,13.799999999999999,0,0,0,0,2500,4.2,0,0,0,0,6083.4000000000005,62916.600000000006,0,0,0,32,108.39999999999999,0
SR,Santa Rosa Island,JLSO,Johnson's Lee South,2018,Outside,0,19.400000000000002,166.6,1000,627.8000000000001,0,833.4,0,0,0,0,0,0,100,0,83.4,33.4,2682,0,0,333.4,18,1.4,0,0,166.6,3583.4,2.8,0,0,0,0,9166.6,173833.40000000002,0,0,0,25,161.20000000000002,0
SR,Santa Rosa Island,JLSO,Johnson's Lee South,2019,Outside,83.4,70.8,0,1083.3999999999999,423.59999999999997,0,750,83.4,0,0,0,1.4,0,130.6,41.6,83.4,47.199999999999996,2632,0,50,250,25,0,0,0,83.4,3416.6,7,0,0,0,0,2666.6,84416.6,83.4,0,0,19.400000000000002,136.2,0
SR,Santa Rosa Island,SP,South Point,2005,Inside,0,2.8,0,83.4,15.2,0,0,0,0,0,0,59.8,0,20.8,291.6,0,0,0,0,170,0,4.2,0,0,0,0,4416.5999999999995,60,0,1041.6000000000001,51.4,0,0,0,3000,0,0,155.6,34.8,0
SR,Santa Rosa Island,SP,South Point,2006,Inside,0,0,0,83.4,1.4,0,166.6,0,0,0,0,90.2,0,1.4,500,0,0,0,0,715,83.4,0,0,0,0,0,3000,20,0,1541.6000000000001,37.400000000000006,0,416.6,0,1416.6000000000001,0,0,130.6,43,0
SR,Santa Rosa Island,SP,South Point,2007,Inside,0,0,0,250,0,0,250,0,0,0,0,50,0,5.6,458.4,0,0,0,0,365,0,4.2,0,0,0,83.4,5583.4000000000005,110,0,1291.6000000000001,2.8,0,166.6,2750,1666.6000000000001,0,0,104.2,25,0
SR,Santa Rosa Island,SP,South Point,2008,Inside,0,0,0,0,7,0,250,41.6,0,0,0,91.6,0,8.4,1791.6000000000001,0,0,0,0,1004.9999999999999,0,2.8,0,0,0,83.4,4583.4000000000005,130,0,2875,11.2,0,83.4,2083.4,1583.3999999999999,0,0,161.20000000000002,50,0
SR,Santa Rosa Island,SP,South Point,2009,Inside,0,5.6,0,416.6,2.8,0,583.4,0,0,0,0,93,0,1.4,2125,0,0,0,0,920,0,1.4,0,0,0,0,3833.4,180,0,1375,5.6,0,1250,8000,833.4,0,0,72.2,44.4,0
SR,Santa Rosa Island,SP,South Point,2010,Inside,0,0,0,333.4,1.4,0,333.4,0,0,0,0,72.2,0,1.4,1041.6000000000001,0,0,0,0,300,0,5.6,0,0,0,166.6,5833.4000000000005,160,0,1333.3999999999999,11.2,0,2916.6,17500,6333.4000000000005,0,0,134.8,36.2,0
SR,Santa Rosa Island,SP,South Point,2011,Inside,0,1.4,0,416.6,9.799999999999999,0,166.6,83.4,0,0,0,111.19999999999999,0,1.4,1500,0,0,0,0,210,0,7,0,0,0,250,5750,70,0,1958.3999999999999,15.2,0,3166.6,21750,4416.5999999999995,0,0,102.8,72.2,0
SR,Santa Rosa Island,SP,South Point,2012,Inside,0,8.4,0,83.4,7,0,333.4,83.4,0,0,0,77.8,0,1.4,1916.6000000000001,0,0,0,0,660,83.4,0,0,0,0,83.4,7083.4000000000005,80,0,1791.6000000000001,15.2,0,833.4,15583.4,416.6,0,0,102.8,68,0
SR,Santa Rosa Island,SP,South Point,2013,Inside,0,0,0,83.4,9.799999999999999,0,0,0,0,0,0,101.4,0,2.8,1375,0,0,0,0,390,0,2.8,0,0,0,0,5250,100,0,1625,38.800000000000004,0,500,6666.5999999999995,2083.4,0,0,126.4,52.8,0
SR,Santa Rosa Island,SP,South Point,2014,Inside,0,15.2,0,83.4,13.799999999999999,0,166.6,41.6,0,0,0,83.4,0,0,1666.6000000000001,0,0,0,0,545,0,7,0,0,1.4,0,4916.5999999999995,0,0,2375,0,0,6333.4000000000005,26166.6,1000,0,0,109.8,40.2,0
SR,Santa Rosa Island,SP,South Point,2015,Inside,0,69.4,0,416.6,33.4,0,666.6,83.4,0,0,0,179.2,0,0,1916.6000000000001,0,0,1.4,0,520,0,8.4,0,0,1.4,83.4,2166.6,2.8,0,1291.6000000000001,0,0,9083.4,35000,583.4,0,0,90.2,27.799999999999997,0
SR,Santa Rosa Island,SP,South Point,2016,Inside,0,0,0,166.6,19.400000000000002,0,750,41.6,0,0,0,102.8,0,1.4,1333.3999999999999,0,0,0,0,410,0,9.799999999999999,0,0,1.4,0,750,1.4,0,500,0,0,3083.4,22750,666.6,0,0,104.2,43,0
SR,Santa Rosa Island,SP,South Point,2017,Inside,83.4,22.2,0,0,69.4,0,583.4,333.4,0,0,0,111.19999999999999,0,0,1250,0,0,0,0,620,0,12.6,0,0,0,83.4,833.4,5.6,0,10666.6,0,0,3333.4,13250,166.6,0,0,61.199999999999996,43,0
SR,Santa Rosa Island,SP,South Point,2018,Inside,0,4.2,0,0,36.2,0,166.6,0,0,0,0,73.6,0,1.4,4458.4000000000005,0,0,0,0,440,1333.3999999999999,9.799999999999999,0,0,0,83.4,1666.6000000000001,2.8,0,2666.6,0,0,4333.4000000000005,104583.4,0,0,0,79.2,65.19999999999999,0
SR,Santa Rosa Island,SP,South Point,2019,Inside,0,29.2,0,0,15.2,0,83.4,41.6,0,0,0,63.8,0,2.8,4416.5999999999995,0,0,0,0,350,1166.6000000000001,9.799999999999999,0,0,1.4,0,1833.3999999999999,0,0,2083.4,0,0,916.6,29833.4,0,0,0,62.4,100,0
SR,Santa Rosa Island,TC,Trancion Canyon,2005,Inside,0,0,0,333.4,20.8,0,1250,0,0,0,0,2.8,0,5.6,0,0,1.4,0,0,240,0,32,0,0,0,500,2666.6,740,0,583.4,109.8,0,12000,2416.6,1583.3999999999999,0,0,198.6,97.19999999999999,0
SR,Santa Rosa Island,TC,Trancion Canyon,2006,Inside,0,0,0,166.6,22.2,0,1583.3999999999999,0,0,0,0,0,0,0,0,0,0,0,0,320,0,29.2,0,0,0,1000,3333.4,270,0,1000,29.2,0,10166.6,3833.4,916.6,0,0,211.2,119.4,0
SR,Santa Rosa Island,TC,Trancion Canyon,2007,Inside,0,0,0,500,51.4,0,666.6,41.6,0,0,0,1.4,0,7,0,0,1.4,0,0,510,83.4,40.2,0,0,0,333.4,4166.5999999999995,480,0,1166.6000000000001,8.4,0,11500,8416.6,1416.6000000000001,0,0,216.6,66.60000000000001,0
SR,Santa Rosa Island,TC,Trancion Canyon,2008,Inside,0,0,0,250,33.4,0,583.4,83.4,0,0,0,0,0,4.2,0,0,0,0,0,660,83.4,38.800000000000004,0,0,2.8,333.4,3916.6,790,0,6291.5999999999995,5.6,0,13166.6,14333.4,1750,0,0,232,123.60000000000001,0
SR,Santa Rosa Island,TC,Trancion Canyon,2009,Inside,0,0,0,0,13.799999999999999,0,1166.6000000000001,250,0,0,0,0,0,1.4,0,0,0,0,0,405,0,36.2,0,0,0,416.6,4250,1050,0,1708.3999999999999,12.6,0,16333.400000000001,20666.6,666.6,0,0,237.4,138.8,0
SR,Santa Rosa Island,TC,Trancion Canyon,2010,Inside,0,0,0,1000,12.6,0,833.4,83.4,0,0,0,0,0,4.2,0,0,1.4,0,0,55,0,37.400000000000006,0,0,0,1083.3999999999999,6000,720,0,875,26.4,0,22500,42583.399999999994,416.6,0,0,273.6,162.6,0
SR,Santa Rosa Island,TC,Trancion Canyon,2011,Inside,0,0,0,333.4,26.4,0,1833.3999999999999,0,0,0,0,0,0,0,0,0,0,0,0,0,0,76.39999999999999,0,0,1.4,166.6,6750,860,0,0,47.199999999999996,0,24666.6,18250,0,0,0,266.6,215.2,0
SR,Santa Rosa Island,TC,Trancion Canyon,2012,Inside,0,0,0,833.4,13.799999999999999,0,333.4,0,0,0,0,0,0,0,0,0,2.8,0,0,15,0,29.2,0,0,0,583.4,7000,740,0,666.6,22.2,0,16083.400000000001,5416.5999999999995,0,0,0,213.79999999999998,170.8,0
SR,Santa Rosa Island,TC,Trancion Canyon,2013,Inside,0,2.8,0,1083.3999999999999,4.2,1.4,1333.3999999999999,125,0,0,0,0,0,0,0,0,1.4,0,0,40,0,44.4,0,0,0,916.6,9500,1050,0,2583.4,23.599999999999998,0,20833.4,2750,0,0,0,163.8,162.6,0
SR,Santa Rosa Island,TC,Trancion Canyon,2014,Inside,0,1.4,0,1000,94.39999999999999,0,1000,83.4,0,0,0,0,0,0,0,0,0,13.799999999999999,0,255,0,52.8,0,0,0,583.4,7833.4000000000005,22.2,0,1500,0,0,17500,16833.4,0,0,0,258.40000000000003,207,0
SR,Santa Rosa Island,TC,Trancion Canyon,2015,Inside,0,51.4,0,666.6,276.4,0,2250,41.6,0,0,0,0,0,1.4,0,83.4,0,40.2,0,150,0,38.800000000000004,0,0,4.2,416.6,2666.6,8.4,0,666.6,0,0,25583.4,31333.4,83.4,0,0,175,123.60000000000001,0
SR,Santa Rosa Island,TC,Trancion Canyon,2016,Inside,0,5.6,0,833.4,358.4,0,1500,0,0,0,0,0,0,0,0,0,0,0,0,100,1250,70.8,0,0,0,416.6,1416.6000000000001,12.6,0,0,0,0,31166.6,41083.399999999994,0,0,0,133.39999999999998,120.80000000000001,0
SR,Santa Rosa Island,TC,Trancion Canyon,2017,Inside,83.4,4.2,0,416.6,495.8,0,250,125,0,0,0,4.2,0,0,0,250,0,38.800000000000004,0,125,1500,107,0,0,7,83.4,1083.3999999999999,13.799999999999999,0,166.6,0,0,20750,49250,0,0,83.4,144.4,170.8,0
SR,Santa Rosa Island,TC,Trancion Canyon,2018,Inside,0,0,83.4,666.6,650,0,333.4,0,0,0,0,1.4,0,4.2,0,166.6,0,7,0,75,1333.3999999999999,127.8,0,0,18,250,1916.6000000000001,9.799999999999999,0,0,0,0,29416.6,100583.4,0,0,0,112.4,118,0
SR,Santa Rosa Island,TC,Trancion Canyon,2019,Inside,0,12.6,0,333.4,533.4,0,416.6,250,0,0,0,0,0,12.6,0,83.4,0,7,0,50,416.6,123.60000000000001,0,0,0,333.4,3416.6,8.4,0,125,0,0,27416.6,60333.399999999994,166.6,0,0,136.2,186.20000000000002,0
