IslandCode,IslandName,SiteCode,SiteName,SurveyYear,ReserveStatus,Reference,Alloclinus_holderi,Centrostephanus_coronatus,Coryphopterus_nicholsi,Cypraea_spadicea,Eisenia_arborea,Laminaria_farlowii,Lithopoma_gibberosa,Lythrypnus_dalli,Megastraea_undosa,Parastichopus_parvimensis,Patiria_miniata,Pterygophora_californica,Strongylocentrotus_franciscanus,Strongylocentrotus_purpuratus,Styela_montereyensis,Tegula_regina,Macrocystis_pyrifera,Pisaster_giganteus,Sargassum_horneri,Pisaster_ochraceus,Aplysia_californica,Crassedoma_giganteum,Haliotis_corrugata,Haliotis_fulgens,Haliotis_rufescens,Kelletia_kelletii,Lophogorgia_chilensis,Lytechinus_anamesus,Megathura_crenulata,Muricea_californica,Muricea_fruticosa,Panulirus_interruptus,Pycnopodia_helianthoides,Stylaster_californicus,Tethya_aurantia,Urticina_lofotensis,Haliotis_assimilis,Cryptochiton_stelleri,Haliotis_sorenseni,Undaria_pinnatifida,Mean_ONI_ANOM
SR,Santa Rosa Island,JLNO,Johnson's Lee North,2005,Outside,TRUE,0,0,0,0.25,0,0.0208,0,0,0,0.1667,0.375,0.1458,0.625,0,5.875,0,0.3875,0.145,0,0,0,0.0063,0,0,0.0063,0.0021,0,0,7e-4,0,0,0,0.0653,0,0.0806,0.0118,0,0,0,0,0.04166666666666667
SR,Santa Rosa Island,JLNO,Johnson's Lee North,2006,Outside,TRUE,0,0,0.125,0.7917,0,0.0625,0,0,0,0.0833,0.375,0.25,1.8333,0.6667,3.5833,0,0.27,0.12,0,0,0,0.0146,0,0,0.0063,7e-4,0,0,0.0035,0,0,0,0.0569,0,0.0736,0.0222,0,0,0,0,0.11416666666666668
SR,Santa Rosa Island,JLNO,Johnson's Lee North,2007,Outside,TRUE,0,0,0.1667,0.5,0,0.1667,0,0,0,0.25,0.7917,0.1458,0.9583,0.0833,6.2917,0,0.505,0.125,0,0,0,0.0083,0,0,0.0076,7e-4,7e-4,0,0.0021,0,0,0,0.041,0,0.0639,0.0063,0,0,0,0,-0.5908333333333333
SR,Santa Rosa Island,JLNO,Johnson's Lee North,2008,Outside,TRUE,0,0,0.0833,0.0833,0,0.3125,0,0,0,0,1.0417,0.8542,0.125,0.0417,6.1667,0,0.425,0.15,0,0,0,0.0063,0,0,0.0076,0.0021,0,0,0.0021,0,0,0,0.0694,0,0.0743,0.0063,0,0,0,0,-0.7583333333333333
SR,Santa Rosa Island,JLNO,Johnson's Lee North,2009,Outside,TRUE,0,0,0.0833,0.0833,0,0.4583,0,0,0.0417,0,1.7083,0.3333,0.25,0.3333,3,0,0.395,0.15,0,0,0.0021,0.0056,0,0,0.0146,0.0021,7e-4,0,0.0042,0,0,0,0.0347,0,0.0507,0.0069,0,0,0,0,0.3125
SR,Santa Rosa Island,JLNO,Johnson's Lee North,2010,Outside,TRUE,0.0417,0,0.0417,0.2917,0.0208,0.375,0,0,0,0.0417,2.2083,0.2083,2.4583,1.1667,5.125,0,0.2575,0.135,0,0,0,0.0139,0,0,0.0097,7e-4,0,0,0.0063,0,0,0,0.0542,0,0.0819,0.0132,0,0,0,0,-0.4616666666666666
SR,Santa Rosa Island,JLNO,Johnson's Lee North,2011,Outside,TRUE,0,0,0.0417,0.2083,0.125,1.2708,0,0,0,0.0833,1.375,0.3542,0.5833,0.25,3.125,0,0.4175,0.17,0,0,0,0.0063,0,0,0.0125,0,0,0,0.009,0,0,0,0.0396,0,0.0674,0.0097,0,0,0,0,-0.8391666666666666
SR,Santa Rosa Island,JLNO,Johnson's Lee North,2012,Outside,TRUE,0,0,0.5833,0.3333,0,0.5625,0,0,0,0,2.9583,0.3958,0.3333,0.3333,3.0417,0,0.465,0.145,0,0,0.0028,0.0083,0,0,0.009,7e-4,0,0,0.0049,0,0,0,0.0347,0,0.0576,0.0118,0,0,0,0,-0.11416666666666667
SR,Santa Rosa Island,JLNO,Johnson's Lee North,2013,Outside,TRUE,0,0,0.375,0.3333,0,0.5833,0,0,0,0,1.9583,0.6042,0.25,0.125,1.2917,0,0.2775,0.095,0,0,0,0.0125,0,0,0.0167,0,0,0,0.0097,0,0,0,0.091,0,0.0806,0.0271,0,0,0,0,-0.29333333333333333
SR,Santa Rosa Island,JLNO,Johnson's Lee North,2014,Outside,TRUE,0,0,0.0417,0.375,0,1.375,0,0,0.0417,0.0417,1.375,0.5625,1.8333,24.9583,1.25,0,0.455,0,0,0,0.0035,0.0549,0,0,0.0083,0,0,7e-4,0.0132,0,0,0,0,0,0.0778,0.0208,0,0,0,0,0.13999999999999999
SR,Santa Rosa Island,JLNO,Johnson's Lee North,2015,Outside,TRUE,0,0.2917,0.5,0.8333,0,0.2292,0,0,0,0,0.0417,0.1458,4.375,64.7083,0.3333,0,0.1775,7e-4,0,0,0.0257,0.0424,0,0,0.034,0.0021,0,0.0472,0.0104,0,0,0,0,0,0.0632,0.0215,0,0,0,0,1.485
SR,Santa Rosa Island,JLNO,Johnson's Lee North,2016,Outside,TRUE,0,0,0.25,0.2083,0,0,0,0,0.7917,0,0.125,0,2.7083,49.375,0,0,0,0.0042,0,0,0.0049,0.1701,0,0,0.009,0.0014,0,0.0118,0.0271,0,0,0.0014,0,0,0.0521,0.0139,0,0,0,0,0.35666666666666663
SR,Santa Rosa Island,JLNO,Johnson's Lee North,2017,Outside,TRUE,0,0,0.2083,0.9167,0,0,0,0,1.625,0.0833,0.2917,0,3.0417,58.0417,0,0,0.02,0.0014,0,0,0.0063,0.1722,0,0,0,0.0021,0.0014,0.2611,0.0222,0,0,0,0,0,0.0319,0.0118,0,0,0,0,-0.17666666666666667
SR,Santa Rosa Island,JLNO,Johnson's Lee North,2018,Outside,TRUE,0,0.0417,0.25,0.8333,0,0,0,0,1.5,0.0417,0.375,0,3.75,133.0833,0,0,0,0.0028,0,0,0.0181,0.184,0,0,0,7e-4,7e-4,0.4361,0.0153,0,0,0,0,0,0.0194,0.0174,0,0,0,0,0.039999999999999994
SR,Santa Rosa Island,JLNO,Johnson's Lee North,2019,Outside,TRUE,0,0.125,0.5,0.5417,0,0.0208,0,0,1.5417,0.0833,0.4583,0,3.3333,79.875,0,0,0.12,0.0014,0,0,0.0542,0.1646,0,0,0,0.0035,0.0042,0.2306,0.0049,7e-4,0,7e-4,0,0,0.0132,0.0097,0,0,0,0,0.75
SR,Santa Rosa Island,JLSO,Johnson's Lee South,2005,Outside,TRUE,0,0,0.375,0.2917,0.0417,0.2083,0.0417,0,0,0.0417,3.125,0.0208,0,0.125,1,0,0.1575,0.12,0,0,0,0.0021,0,0,0.0014,0.0104,0.0299,0,0.0028,0,0,0,0.0521,0,0.1653,0.0785,0,0,0,0,0.04166666666666667
SR,Santa Rosa Island,JLSO,Johnson's Lee South,2006,Outside,TRUE,0,0,0.375,0.25,0.0417,0.5208,0.0417,0,0,0.0417,3.0833,0.2083,0.5833,0.5833,0.75,0,0.3225,0.02,0,0,7e-4,0.0083,0,0,7e-4,0.0069,0.0285,0,0.0014,7e-4,0,0,0.0965,0,0.134,0.0792,0,0,0,0,0.11416666666666668
SR,Santa Rosa Island,JLSO,Johnson's Lee South,2007,Outside,TRUE,0,0,1.25,0.0833,0,0.0833,0,0,0.0417,0.125,3.75,0.2292,0.5833,0.25,0.625,0,0.27,0.015,0,0,7e-4,0.0063,0,0,0.0021,0.0174,0.0257,0,7e-4,0,0,0,0.084,0,0.209,0.091,0,0,0,0,-0.5908333333333333
SR,Santa Rosa Island,JLSO,Johnson's Lee South,2008,Outside,TRUE,0,0,0.8333,0.2083,0,0.25,0.0417,0,0,0.0417,3.5833,0.0417,1.4167,3.2083,0.2917,0,0.205,0.075,0,0,0,0.0132,0,0,0.0056,0.0069,0.0257,0,0.0014,7e-4,0,0,0.1201,0,0.1771,0.0826,0,0,0,0,-0.7583333333333333
SR,Santa Rosa Island,JLSO,Johnson's Lee South,2009,Outside,TRUE,0,0,1.7083,0.5,0,0.2917,0,0,0,0.0417,4.5,0.0625,0.3333,3.0417,1,0,0.26,0.05,0,0,0.0056,0.009,0,0,0.0021,0.0215,0.0215,0,0.0014,0,0,0,0.0361,0,0.1181,0.0479,0,0,0,0,0.3125
SR,Santa Rosa Island,JLSO,Johnson's Lee South,2010,Outside,TRUE,0,0,1.0833,0.6667,0.0625,0.4167,0,0,0,0,4.6667,0,0.625,4.3333,3.6667,0,0.1425,0.105,0,0,0,0.0111,0,0,0.0035,0.0139,0.0278,0,0.0035,7e-4,0,0,0.0896,0,0.216,0.0778,0,0,0,0,-0.4616666666666666
SR,Santa Rosa Island,JLSO,Johnson's Lee South,2011,Outside,TRUE,0,0,0.5,0.2917,0.0417,1.0208,0,0,0,0,5.7917,0.1042,0.9167,3.9583,2.8333,0,0.0925,0.14,0,0,0,0.0174,0,0,0.0035,7e-4,0.0236,0,0.0035,0,0,0,0.0458,0,0.1479,0.0924,0,0,0,0,-0.8391666666666666
SR,Santa Rosa Island,JLSO,Johnson's Lee South,2012,Outside,TRUE,0,0,0.4583,0.625,0.1875,0.6875,0,0,0,0.0417,4.7917,0.0625,1.375,1.25,1.4167,0,0.1975,0.09,0,0,0.0069,0.0187,0,0,0.0021,0.009,0.009,0,0.0056,0.0014,0,0,0.0306,0,0.1715,0.0764,0,0,0,0,-0.11416666666666667
SR,Santa Rosa Island,JLSO,Johnson's Lee South,2013,Outside,TRUE,0,0,1.1667,0.7917,0.125,0.5625,0,0,0,0.125,5.8333,0,3.4167,0.875,0.5,0,0.1325,0.315,0,0,0,0.0056,0,0,0.0014,0.0132,0.0097,0,0.0028,0,0,0,0.0201,0,0.1736,0.0715,0,7e-4,0,0,-0.29333333333333333
SR,Santa Rosa Island,JLSO,Johnson's Lee South,2014,Outside,TRUE,0,0,1.7083,0.375,0.0833,0.3958,0,0,0,0.0417,4.375,0.0208,0.9583,6.7083,0.25,0,0.08,7e-4,0,0,0.0028,0.0125,0,0,0.0021,0.0104,0.0132,0,7e-4,7e-4,0,0,0,0,0.1694,0.0715,0,0,0,0,0.13999999999999999
SR,Santa Rosa Island,JLSO,Johnson's Lee South,2015,Outside,TRUE,0,0,0.4583,0.375,0.4375,0.6458,0,0,0.0417,0.0417,1.4583,0.0208,5.5417,22.75,0.0417,0,0.14,7e-4,0,0,0.0507,0.0903,0,0,0.0028,0.0403,0.0097,0,0.0021,7e-4,0,0,0,0,0.1111,0.0597,0,0,0,0,1.485
SR,Santa Rosa Island,JLSO,Johnson's Lee South,2016,Outside,TRUE,0,0,0.9167,0.625,0,0,0,0,0.0417,0,1.2083,0,25.0417,28.375,0,0,0.02,0,0,0,0.0132,0.1451,0,0,0.0118,0.0431,0.0139,0.0028,0.0056,7e-4,7e-4,0,0,0,0.0549,0.0715,0,0,0,0,0.35666666666666663
SR,Santa Rosa Island,JLSO,Johnson's Lee South,2017,Outside,TRUE,0,0,0.7083,0.375,0,0,0,0,0.0833,0,1.25,0,3.0417,31.4583,0,0,0,0.0021,0,0,0,0.2076,0,0,0,0.0542,0.0069,0.6778,0.0069,0,0,0,0,0,0.016,0.0542,0,0,0,0,-0.17666666666666667
SR,Santa Rosa Island,JLSO,Johnson's Lee South,2018,Outside,TRUE,0,0.0833,0.5,0.4167,0,0,0.0417,0,0.1667,0.0833,1.7917,0,4.5833,86.9167,0,0,0,0.0014,0,0,0.0097,0.3139,0,0,0,0.05,0.0167,1.341,0.009,7e-4,0,0,0,0,0.0125,0.0806,0,0,0,0,0.039999999999999994
SR,Santa Rosa Island,JLSO,Johnson's Lee South,2019,Outside,TRUE,0.0417,0,0.5417,0.375,0.0417,0.0208,0.0417,0,0.125,0.0417,1.7083,0,1.3333,42.2083,0.0417,0,0.025,0.0035,0,0,0.0354,0.2118,0,0,7e-4,0.0653,0.0236,1.316,0.0125,0,0,0,0,0,0.0097,0.0681,0,0,0,0,0.75
SC,Santa Cruz Island,SA,Scorpion Anchorage,2005,Inside,TRUE,0.0833,0.0833,3.6667,0.375,0,0,0,0,0.125,0.1667,0.125,0,3.0417,38.625,0,0,0.01,0.055,0,0,0.0021,0.0472,0,0,0,0,7e-4,0,0.0375,0,0.0014,0.0021,0,0,0.0181,0,0,0,0,0,0.04166666666666667
SC,Santa Cruz Island,SA,Scorpion Anchorage,2006,Inside,TRUE,0.125,0,2,0.1667,0,0,0,0,0.3333,0.3333,0.125,0,2.875,40.6667,0,0,0,0.02,0,0,0.0028,0.0271,0,0,0,0,0.0014,0.0028,0.0431,0,0,0.0118,0.0014,0,0.0181,0,0,0,0,0,0.11416666666666668
SC,Santa Cruz Island,SA,Scorpion Anchorage,2007,Inside,TRUE,0.25,0,2.7083,0.5417,0,0.0208,0,0,0.5,0.3333,0.25,0,4,38.4583,0,0,0.12,0.055,0,0,0.0076,0.0076,0,0,0,0,7e-4,0,0.059,0,0,0.0035,0,0,0.0153,0,0,0,0,0,-0.5908333333333333
SC,Santa Cruz Island,SA,Scorpion Anchorage,2008,Inside,TRUE,0.0417,0,1.5833,0.0417,0,0.0417,0,0,0.25,0.5417,0.1667,0,4.5833,27.9583,0,0,0.115,0.06,0,0,0.0118,0.0243,0,0,0,0,7e-4,7e-4,0.0722,0,0,0.0111,0,0,0.0257,0,0,0,0,0,-0.7583333333333333
SC,Santa Cruz Island,SA,Scorpion Anchorage,2009,Inside,TRUE,0,0,1.375,0.125,0,0,0,0,0.125,0,0.375,0,3.7083,43.4167,0,0,0.16,0.075,0,0,0.0361,0.0083,7e-4,0,0,0,0.0021,0,0.0771,0,0,0.0076,0,0,0.0264,0,0,0,0,0,0.3125
SC,Santa Cruz Island,SA,Scorpion Anchorage,2010,Inside,TRUE,0,0,0.6667,0.0417,0,0,0,0,0.1667,0.9167,0.4167,0,3.875,35.4583,0,0,0.0025,0.105,0,0,0.016,0.0111,0,0,0,0,0.0014,0,0.1,0,0,0.0056,0,0,0.0278,0,0,0,0,0,-0.4616666666666666
SC,Santa Cruz Island,SA,Scorpion Anchorage,2011,Inside,TRUE,0,0,1.9583,0.125,0,0,0,0,0.0833,0.625,0.5417,0,6.7917,62,0,0,0,0.265,0,0,0.0063,0.0132,0,0,0,0,0.0014,0.0035,0.1549,0,0,0.009,0,0,0.0257,0,0,0,0,0,-0.8391666666666666
SC,Santa Cruz Island,SA,Scorpion Anchorage,2012,Inside,TRUE,0,0,2.4583,0,0,0,0,0,0.0417,0.6667,0.875,0,5.7083,82.2083,0,0,0,0.18,0,0.015,0.0167,0.0056,0,0,0,7e-4,7e-4,0.0014,0.0826,0,0,0.0139,0,0,0.0312,0,0,0,0,0,-0.11416666666666667
SC,Santa Cruz Island,SA,Scorpion Anchorage,2013,Inside,TRUE,0,0.0833,2.125,0.0417,0,0.0208,0,0,0.0833,0.7917,0.125,0,5.25,71.125,0,0,0,0.085,0,0.045,0.0076,0.0063,0,0,0,7e-4,7e-4,0,0.0486,0,0,0.0042,0,0,0.0118,0,0,0,0,0,-0.29333333333333333
SC,Santa Cruz Island,SA,Scorpion Anchorage,2014,Inside,TRUE,0.0417,0.0417,1.875,0,0,0.1458,0,0,0.125,0.8333,0.0417,0,2.9167,27.0833,0,0,0.3125,0,0.085,0,0.0125,0.0118,0,0,0,0.0014,7e-4,0,0.0056,0,0,0.009,0,0,0.0264,0,0,0,0,0,0.13999999999999999
SC,Santa Cruz Island,SA,Scorpion Anchorage,2015,Inside,TRUE,0,0.2917,0.2917,0.0417,0.0417,0.0417,0,0.5417,1.4167,0.0417,0,0,0.7083,11.4583,0,0,0.2725,0,6.81,7e-4,0.0028,0.0201,0,0,0,0.0042,7e-4,0,7e-4,0,0,0.0222,0,0,0.0049,0,0,0,0,0,1.485
SC,Santa Cruz Island,SA,Scorpion Anchorage,2016,Inside,TRUE,0,0.5,0.0417,0,0.25,0.0417,0,0.2917,2.2083,0.5,0,0,0.25,1.375,0,0,1.0125,0,30.4,0,0.0014,0.0194,0,0,0,0.0042,0,7e-4,0,0,0,0.025,0,0,0.0014,0,0,0,0,0,0.35666666666666663
SC,Santa Cruz Island,SA,Scorpion Anchorage,2017,Inside,TRUE,0.2917,0.0417,0.125,0.0417,0.0625,0.5833,0,0.2083,3.6667,0.4583,0,0,0.9583,3.0833,0,0,0.68,0,20.9575,0,0.0125,0.0187,0,0,0,0.0049,7e-4,0,0,0,0,0.0396,0,0,0,0,0,0,0,0,-0.17666666666666667
SC,Santa Cruz Island,SA,Scorpion Anchorage,2018,Inside,TRUE,0.4167,0.0833,0.0833,0.0417,0.0208,0.9583,0,0.25,3.5833,0.2917,0,0.0208,0.75,3.2083,0,0,3.19,0,6.375,0,0,0.0347,0,0,0,0.0014,0,0,0,0,0,0.0417,0,0,0,0,0,0,0,0,0.039999999999999994
SC,Santa Cruz Island,SA,Scorpion Anchorage,2019,Inside,TRUE,0.4583,0.0417,0,0.1667,0,1.0208,0,0,3.4167,0.5,0,0,0.7083,2.0833,0,0,0.42,0.0014,2.965,0,0,0.0361,7e-4,7e-4,0,0.0139,7e-4,0,0,0,0,0.0257,0,0,0,0,0,0,0,0,0.75
AN,Anacapa Island,AR,Admiral's Reef,2005,Outside,TRUE,0.4583,0.625,3.25,0.0417,0.1667,0,0,0,0,0.4583,2,0,6.125,5.5,0,0,0.225,0.035,0,0,0.0035,0.0076,0,0,0,0.0021,0.0382,0,0.0063,0.016,0.0014,0.0028,0,0,0.0035,0,0,0,0,0,0.04166666666666667
AN,Anacapa Island,AR,Admiral's Reef,2006,Outside,TRUE,0.125,0.4583,1.4167,0,0,0,0,0,0,0.4167,1.3333,0,10.4583,6.2083,0,0.0417,0,0.05,0,0,0.0014,0.016,0,0,0,0.0292,0.0347,0,0.0347,0.0104,0.0042,7e-4,0,0,0.0076,0,0,0,0,0,0.11416666666666668
AN,Anacapa Island,AR,Admiral's Reef,2007,Outside,TRUE,0.25,0.5,2.7917,0.0417,0,0,0,0,0,0.5417,2,0,9.2083,7.4583,0,0.0417,0.0025,0.02,0,0,0.0049,0.0326,0,0,0,0.0278,0.034,0,0.0312,0.009,0.0014,0,0,0,0.0424,0,0,0,0,0,-0.5908333333333333
AN,Anacapa Island,AR,Admiral's Reef,2008,Outside,TRUE,0.125,0.75,1.75,0.0417,0,0,0,0,0,0.2917,1.9583,0,8.5417,5.7083,0,0,0,0.045,0,0,0.0063,0.0104,0,0,0,0.0014,0.0229,0.0097,0.0424,0.0118,0.0014,7e-4,0,0,0.0299,0,0,0,0,0,-0.7583333333333333
AN,Anacapa Island,AR,Admiral's Reef,2009,Outside,TRUE,0.0833,0.9167,2.875,0.0833,0,0,0,0,0,0.2917,2.3333,0,8.6667,4.5417,0,0.0417,0,0.095,0,0,0.0139,0.0125,0,0,0,0.0236,0.0319,0.0215,0.0479,0.0125,0.0035,0.0021,0,0,0.0465,0,0,0,0,0,0.3125
AN,Anacapa Island,AR,Admiral's Reef,2010,Outside,TRUE,0.0417,0.75,1.125,0,0,0.0208,0,0,0.0417,0.7083,2.25,0,7.75,5.5,0,0,0,0.055,0,0,0.0097,0.009,0,0,0,0.0174,0.0326,0.0014,0.0542,0.0222,0.0035,0.0021,0,0,0.0319,0,0,0,0,0,-0.4616666666666666
AN,Anacapa Island,AR,Admiral's Reef,2011,Outside,TRUE,0,0.5417,0.3333,0.0833,0,0,0,0,0,0.5,1.7917,0,7.6667,7.5,0,0,0,0.09,0,0,0.0042,0.0069,0,0,0,7e-4,0.0299,0.0021,0.2215,0.0181,0.0028,0,0,0,0.0299,0,0,0,0,0,-0.8391666666666666
AN,Anacapa Island,AR,Admiral's Reef,2012,Outside,TRUE,0,0.9167,2.375,0.25,0,0,0,0,0,0.2917,1.7917,0,7,5.125,0,0.125,0,0.07,0,0,0,0.0097,0,0,0,0.016,0.0049,0,0.2528,0.0118,0.0021,0,0,0,0.0292,0.0069,0,0,0,0,-0.11416666666666667
AN,Anacapa Island,AR,Admiral's Reef,2013,Outside,TRUE,0,0.4583,2.7917,0.0417,0,0,0,0,0,0.375,1.3333,0,5.6667,0.375,0,0,0,0.04,0.0025,0,0.0035,0.0111,0,0,0,0.0097,0.0181,0,0.1486,0.009,0.0014,0,0,0,0.0243,0,0,0,0,0,-0.29333333333333333
AN,Anacapa Island,AR,Admiral's Reef,2014,Outside,TRUE,0,0.2917,1.9583,0,0.125,0,0,0,0,0.2917,1.2083,0,3.25,0.9167,0,0.125,0,0.0042,6.035,0,0.0042,0.0132,0,0,0,0.0021,0.0181,7e-4,0.0326,0.0076,7e-4,0.0021,0,0,0.0403,0.0021,0,0,0,0,0.13999999999999999
AN,Anacapa Island,AR,Admiral's Reef,2015,Outside,TRUE,0,0.6667,0.9167,0,0.25,0,0,0,0,0.5833,0.5,0.0208,1.25,0.125,0,0.0417,0.2575,7e-4,10.1625,0,0,0.0278,7e-4,0,0,0.0042,0.0097,0,0.0021,0.0083,0.0014,0.0014,0,0,0.0319,0,0,0,0,0,1.485
AN,Anacapa Island,AR,Admiral's Reef,2016,Outside,TRUE,0,1.375,0.0833,0,0,0,0,0,0.0833,0.375,0.0833,0,1.375,0.0833,0,0,0.28,0,6.08,0,0.0083,0.0215,0,0,0,0.016,0.0056,0.0049,0.0035,0.0076,0.0021,0.0056,0,0,0.0306,0,0,0,0,0,0.35666666666666663
AN,Anacapa Island,AR,Admiral's Reef,2017,Outside,TRUE,0,1.2083,0.5417,0.0417,0.0417,0,0,0.0417,0.25,0.125,0.125,0,2.6667,1.8333,0,0,1.6875,0,8.1025,0,0.0056,0.0708,0,0,0,0.0542,0.0028,0.0562,0.0472,0.0083,0.0035,0.0181,0,0,0.0208,0,0,0,0,0,-0.17666666666666667
AN,Anacapa Island,AR,Admiral's Reef,2018,Outside,TRUE,0.9167,0.9167,0.3333,0,0.125,0.0208,0,0.0833,0.5,0.125,0.2083,0,3,16.5417,0,0,0.095,0,4.03,0,0.0049,0.0924,0,0,0,0.0514,0.0104,0.0125,0.0465,0.0083,0.0035,0.016,0,0,0.0035,0,0,0,0,0,0.039999999999999994
AN,Anacapa Island,AR,Admiral's Reef,2019,Outside,TRUE,0.5833,2.2083,0,0,0,0,0,0,0.5417,0.0417,0.1667,0,2.125,13.375,0,0,0.755,0,7.9475,0,0,0.0799,0,0,0,0.0708,0.0063,7e-4,0.0132,0.0146,0.0014,0.0076,0,0,0.0014,0,0,0,0,0,0.75
AN,Anacapa Island,CC,Cathedral Cove,2005,Inside,TRUE,0.25,0,0.2083,0.0417,0.0625,4.1458,0,0,2.25,1.7917,0.0833,0,3.2083,0.4583,0,0,0.575,0,0,0,0.0035,0.009,7e-4,0,0,0,0,0,0.016,0,0,0.0035,0,0,7e-4,0,0,0,0,0,0.04166666666666667
AN,Anacapa Island,CC,Cathedral Cove,2006,Inside,TRUE,0.375,0.0417,0.2083,0.0417,0.1875,6.8542,0,0,2.9167,1.5833,0,0,6.25,1.375,0,0,0.4175,0,0,0,0,0.0132,0,0,0,0.0014,0,0,0.016,0,0,0.009,0,0,7e-4,0,0,0,0,0,0.11416666666666668
AN,Anacapa Island,CC,Cathedral Cove,2007,Inside,TRUE,0.5833,0,0.25,0.0833,0.0208,12.5625,0,0,2.5833,0.7917,0,0,3.7083,1.2917,0,0,0.1975,0,0,0,0,0.0271,0,0,0,0.009,0,0,0.0139,0,0,0.0153,0,0,7e-4,0,0,0,0,0,-0.5908333333333333
AN,Anacapa Island,CC,Cathedral Cove,2008,Inside,TRUE,0.5417,0.0417,0.25,0.0417,0.125,14.5417,0,0,1.5,0.8333,0,0,4.25,1.7083,0,0,0.3975,0,0,0,0,0.0153,0,0,0,0,0,0,0.0167,0,0,0.0208,0,0,0.0014,0,0,0,0,0,-0.7583333333333333
AN,Anacapa Island,CC,Cathedral Cove,2009,Inside,TRUE,0.4583,0,1.0833,0.0417,0.2083,15.9167,0,0,0.6667,1.25,0,0.0625,2.75,1.1667,0,0,0.31,0,0,0,0,0.0153,7e-4,0,0,0,0,0,0.0014,0,0,0.0076,7e-4,0,0.0021,0,0,0,0,0,0.3125
AN,Anacapa Island,CC,Cathedral Cove,2010,Inside,TRUE,0.1667,0,0.1667,0.0833,0.1875,14.9583,0,0,0.1667,1.5,0,0.0417,4.1667,1.8333,0,0,0.3725,0.01,0,0,0,0.0069,0.0014,0,0,0.0035,0,0,0,0,0,0.0125,0,0,0.0042,0,0,0,0,0,-0.4616666666666666
AN,Anacapa Island,CC,Cathedral Cove,2011,Inside,TRUE,0,0,0.125,0.0417,0.1667,21.0625,0,0,0.1667,1.1667,0,0.0208,4.375,2.5833,0,0,0.625,0.005,0,0,0,0.0049,7e-4,0,0,0,0,0,0,0,0,0.0292,0,0,0.0021,0,0,0,0,0,-0.8391666666666666
AN,Anacapa Island,CC,Cathedral Cove,2012,Inside,TRUE,0,0,0.875,0.0833,0.1875,27.1042,0,0,0.375,1.5,0,0,4.2917,1.6667,0,0,0.3025,0.01,0,0,0,0.0167,0.0014,0,0,0,7e-4,0,0.0063,0,0,0.009,0,0,0.0028,0,0,0,0,0,-0.11416666666666667
AN,Anacapa Island,CC,Cathedral Cove,2013,Inside,TRUE,0,0,0.5833,0,0.125,18.5417,0,0,0.2917,0.9583,0,0,4.0417,1.8333,0,0,0.1975,0,0,0,0,0.0194,0.0014,0,0,0,0,7e-4,7e-4,0,0,0.0187,0,0,0.0035,0,0,0,0,0,-0.29333333333333333
AN,Anacapa Island,CC,Cathedral Cove,2014,Inside,TRUE,0.0417,0,0.375,0.0417,0.8125,21.7708,0,0,0.0417,1.4167,0,0,3.375,1.2083,0,0,0.67,0.0014,0.155,0,0.0042,0.0201,0.0014,0,0,0,7e-4,0,7e-4,0,0,0.009,0,0,0.0035,0,0,0,0,0,0.13999999999999999
AN,Anacapa Island,CC,Cathedral Cove,2015,Inside,TRUE,0,0.0417,0.1667,0,1.1667,8.0625,0,0,0.375,0.875,0,0.0208,1.625,0.3333,0,0,0.3025,0,2.94,0,0.0063,0.0285,0.0014,0,0,0,0,0,0,0,0,0.0264,0,0,0,0,0,0,0,0,1.485
AN,Anacapa Island,CC,Cathedral Cove,2016,Inside,TRUE,0.25,0.2917,0,0,1.375,1.9792,0,0.0417,0.5,1,0,0,0.25,0,0,0,0.4475,0,2.635,0,0.0056,0.0104,0,0,0,0.0083,0,0,0,0,0,0.0208,0,0,0,0,0,0,0,0,0.35666666666666663
AN,Anacapa Island,CC,Cathedral Cove,2017,Inside,TRUE,0.6667,0.0833,0,0.0417,0.3333,30.4167,0,0,1.0417,0.5,0,0,0.0417,0.0417,0,0,0.7175,0.0028,3.1125,0,0.0028,0.0139,0.0021,0,0,0.0264,0,0,0,0,0,0.0264,0,0,0,0,0,0,0,0,-0.17666666666666667
AN,Anacapa Island,CC,Cathedral Cove,2018,Inside,TRUE,0.9167,0.0833,0,0,0.2917,3.4792,0,0,0.6667,0.7083,0,0,0.4583,0.0417,0,0,0.365,7e-4,2.655,0,7e-4,0.016,0,0.0076,0,0.0264,0,0.0014,0,0,0,0.0694,0,0,7e-4,0,0,0,0,0,0.039999999999999994
AN,Anacapa Island,CC,Cathedral Cove,2019,Inside,TRUE,0.375,0.2083,0,0,0.3125,5.25,0,0,0.9583,0.7917,0,0,0.1667,0.0417,0,0,0.225,7e-4,6.6775,0,0,0.0201,0.0021,0.0063,0,0.0042,0,0.0014,0,0,0,0.0681,0,0,0,0,0,0,0,0,0.75
AN,Anacapa Island,LC,Landing Cove,2005,Inside,TRUE,0.25,0.0417,0.2083,0.125,0.7292,14.9583,0,0,0.3333,0.125,0.0833,1.0833,2.75,1.3333,0,0,0.85,0,0,0,0,0.284,0,0,0,0.0042,0.0042,0,0.0181,0,7e-4,0.041,0,0,0.0035,0,0,0,0,0,0.04166666666666667
AN,Anacapa Island,LC,Landing Cove,2006,Inside,TRUE,0.0833,0.0417,0,0.0417,1.3958,16.1458,0,0,0.5,0.4583,0,1.25,3.625,2.375,0,0,0.7525,0.02,0,0,7e-4,0.1889,0,0,0,0.0049,0.0021,0,0.0132,0,0,0.016,0,0,0.0042,0,0,0,0,0,0.11416666666666668
AN,Anacapa Island,LC,Landing Cove,2007,Inside,TRUE,0.1667,0,0,0.2917,1.875,23.8958,0,0,0.2917,0.6667,0,1.25,3.5,2.0833,0,0,0.14,0,0,0,0,0.0931,0,0,0,0.0069,0.0049,0,0.0229,0,0,0.0083,0,0,0.0049,7e-4,0,0,0,0,-0.5908333333333333
AN,Anacapa Island,LC,Landing Cove,2008,Inside,TRUE,0.3333,0,0.0833,0.0417,1.25,25.0417,0,0,0.2917,0.75,0,1.0417,1.9167,1.875,0,0,0.3275,0.035,0,0,7e-4,0.1174,0.0028,0,0,7e-4,0.0014,0,0.0118,0.0014,0,0.0139,0,0,0.0063,0,0,0,0,0,-0.7583333333333333
AN,Anacapa Island,LC,Landing Cove,2009,Inside,TRUE,0.0833,0,0.0417,0.1667,1.0208,36.3125,0,0,0.2083,0.875,0,3.2708,1.9167,2.625,0,0.2083,0.11,0.02,0,0,7e-4,0.0431,0.0014,0,0,0.0028,0.0014,0,0.0063,0,7e-4,0.0042,0,0,0.0069,0,0,0,0,0,0.3125
AN,Anacapa Island,LC,Landing Cove,2010,Inside,TRUE,0,0,0.1667,0.125,1.2708,19.4375,0,0,0.0417,0.3333,0.0833,10.2917,2.7917,4,0,0,0.095,0.005,0,0,0,0.034,0.0014,0,0,0.0083,0.0014,0,0.0042,0,0,0.0069,0,0,0.0056,0,0,0,0,0,-0.4616666666666666
AN,Anacapa Island,LC,Landing Cove,2011,Inside,TRUE,0,0,0,0.125,1.75,16.8542,0,0,0.0833,0.4167,0,6.3125,4.2917,8.0417,0,0,0.05,0.005,0,0,0,0.0229,0,0,0,0,7e-4,0,0.0111,7e-4,0,0.0167,0,0,0.0097,0,0,0,0,0,-0.8391666666666666
AN,Anacapa Island,LC,Landing Cove,2012,Inside,TRUE,0,0,0.2083,0,1.5,15.5417,0,0,0.0417,0.25,0,7.7083,2.0833,2.6667,0,0,0.185,0.01,0,0,0,0.0542,0.0021,0,0,0.0042,0.0021,0,0.0056,7e-4,0,0.0049,0,0,0.0083,0,0,0,0,0,-0.11416666666666667
AN,Anacapa Island,LC,Landing Cove,2013,Inside,TRUE,0,0.0833,0.4167,0.0833,1.6458,26.2708,0,0,0.3333,0.5417,0,2.8125,2.6667,2.125,0,0.0417,0.215,0.02,0.0075,0,0,0.0667,0.0014,0,0,0.0028,0.0014,0,0.0111,7e-4,0,0.0201,0,0,0.0069,0,0,0,0,0,-0.29333333333333333
AN,Anacapa Island,LC,Landing Cove,2014,Inside,TRUE,0,0.0833,0.0417,0.3333,1.7708,17.25,0,0,0.2083,0.5417,0,2.8333,1.5,3.6667,0,0,0.1575,7e-4,0.0075,0,0.0014,0.134,7e-4,0,0,0.0042,0.0028,0,0.0028,0,0,0.0132,0,0,0.009,0,0,0,0,0,0.13999999999999999
AN,Anacapa Island,LC,Landing Cove,2015,Inside,TRUE,0.0417,0.5,0.0833,0.2083,1.75,3.6042,0,0,0.0417,0.0417,0,1.1042,1.1667,1.2083,0,0,0.535,0,0.995,0,0,0.1354,0.0014,0,0,0.0181,0.0014,0,0.0021,0,0,0.0299,0,0,0.0021,0,0,0,0,0,1.485
AN,Anacapa Island,LC,Landing Cove,2016,Inside,TRUE,0.125,0.5,0,0.0417,2.8333,6.1875,0,0,0.2917,0.2083,0,0.0417,0.2917,0.4583,0,0,0.8925,0,0.725,0,0.0042,0.1014,0.0028,0,0,0.0056,0.0035,0,0,0,0,0.0285,0,0,0.0014,0,0,0,0,0,0.35666666666666663
AN,Anacapa Island,LC,Landing Cove,2017,Inside,TRUE,0.2083,0.1667,0,0,1.0625,14.625,0,0.0833,0.0417,0.125,0,0,0.2083,0.2083,0,0,1.04,0,1.1825,0,0.0028,0.0611,0.0028,0,0,0.0035,0.0014,0,7e-4,0,0,0.0312,0,0,7e-4,0,0,0,0,0,-0.17666666666666667
AN,Anacapa Island,LC,Landing Cove,2018,Inside,TRUE,0.1667,0.125,0,0.2917,1.1042,34.5625,0,0,0.3333,0.375,0,0.125,0.0833,0.9167,0,0,0.165,0,0.08,0,0,0.134,0.009,7e-4,0,0.0035,0.0014,0.0035,0.0014,0,0,0.0215,0,0,0,0,0,0,0,0,0.039999999999999994
AN,Anacapa Island,LC,Landing Cove,2019,Inside,TRUE,1.1667,0.2917,0,0.0417,1.6042,15.6667,0,0,0.7917,0.1667,0,0,0.2083,0.25,0,0,1.335,7e-4,0.23,0,0.0021,0.1139,0.0035,0.0028,0,0.0104,0.0021,0,0,0,0,0.034,0,0,0.0014,0,0,0,0,0,0.75
SB,Santa Barbara Island,SESL,SE Sea Lion Rookery,2005,Inside,TRUE,0.0417,0.375,0.3333,0.0833,0,0,0,0,0.375,0.3333,0.5417,0,14.0417,6.125,0,0,0,0.035,0,0,0.0063,0.0028,0,0,0,0,0.0826,7e-4,0.0063,0.0181,0.0014,0,0.0021,0,0.0451,0,0,0,0,0,0.04166666666666667
SB,Santa Barbara Island,SESL,SE Sea Lion Rookery,2006,Inside,TRUE,0,0.3333,0.5833,0,0,0,0.0417,0,0.3333,0.2917,0.6667,0,11.0417,1.75,0,0.3333,0,0.085,0,0,7e-4,0.0083,0,0,0,0,0.0924,0,0.0174,0.0167,7e-4,0,7e-4,0,0.0729,0,0,0,0,0,0.11416666666666668
SB,Santa Barbara Island,SESL,SE Sea Lion Rookery,2007,Inside,TRUE,0,0.375,0.375,0.0417,0,0,0.0417,0,0.125,0.25,0.2917,0,10.875,3.2083,0,0.3333,0,0.035,0,0,0.0229,0.0049,0,0,0,0,0.0757,0.009,0.009,0.025,0.0021,0,0,0,0.0562,0,0,0,0,0,-0.5908333333333333
SB,Santa Barbara Island,SESL,SE Sea Lion Rookery,2008,Inside,TRUE,0.125,0.25,0.625,0,0,0,0,0,0.4583,0.125,0.3333,0,13.0417,18.375,0,0.375,0,0.015,0,0,0.0125,0.0042,0,0,0,0,0.0646,0.0611,0.0083,0.0118,0,7e-4,0,0,0.0757,0,0,0,0,0,-0.7583333333333333
SB,Santa Barbara Island,SESL,SE Sea Lion Rookery,2009,Inside,TRUE,0.2917,0.3333,0.75,0.0417,0,0,0,0,0.1667,0.125,0.3333,0,7.0833,20.375,0,0.25,0,0.025,0,0,0.0049,0.0056,0,0,0,7e-4,0.0833,0.0076,0.0035,0.0167,0.0035,0.0014,0,0,0.0722,0,0,0,0,0,0.3125
SB,Santa Barbara Island,SESL,SE Sea Lion Rookery,2010,Inside,TRUE,0,0.625,0.4167,0,0,0,0,0,0.0417,0.125,0.5,0,6.625,15.9167,0,0.0833,0.015,0.015,0.0025,0,0.05,0.0035,0,0,0,0,0.0653,0.0083,0,0.0132,0,0,0,0,0.0854,0,0,0,0,0,-0.4616666666666666
SB,Santa Barbara Island,SESL,SE Sea Lion Rookery,2011,Inside,TRUE,0,0.2917,1.1667,0,0,0,0,0,0,0.25,1.2917,0,4.7917,47.75,0,0.25,0,0.025,0,0,7e-4,0.0049,0,0,0,0,0.0514,0.0014,0.0014,0.0132,7e-4,7e-4,7e-4,0,0.091,0,0,0,0,0,-0.8391666666666666
SB,Santa Barbara Island,SESL,SE Sea Lion Rookery,2012,Inside,TRUE,0,0.125,0.8333,0,0,0,0.0417,0,0.0417,0.1667,1.1667,0,0.7083,27.625,0,0,0,0.04,0,0,7e-4,7e-4,0,0,0,0,0.0549,0,7e-4,0.009,0,7e-4,0,0,0.0785,0,0,0,0,0,-0.11416666666666667
SB,Santa Barbara Island,SESL,SE Sea Lion Rookery,2013,Inside,TRUE,0,0.2083,2,0,0.0208,0,0,0,0,0.1667,0.625,0,0.2083,11.0417,0,0.1667,0,0.02,0.005,0,0.0028,0.0021,0,0,0,0.0014,0.0312,0,0.0014,0.0076,0.0014,0.0014,0,0,0.0931,0,0,0,0,0,-0.29333333333333333
SB,Santa Barbara Island,SESL,SE Sea Lion Rookery,2014,Inside,TRUE,0.0417,0.25,0.5833,0,0,0,0,0,0.0833,0.25,0.0417,0,0.5417,13.4167,0,0.0833,0.1125,7e-4,0.6125,0,7e-4,0.0042,0,0,0,0.0035,0.0056,0,7e-4,0.0111,0.0014,0.0028,0,0,0.1243,0,0,0,0,0,0.13999999999999999
SB,Santa Barbara Island,SESL,SE Sea Lion Rookery,2015,Inside,TRUE,0,0.8333,0.2917,0,0,0,0,0,0,0.25,0,0,0.4583,4.5833,0,0.0417,0.3625,0,10.87,0,0.0049,0.0111,0,0,0,0.0014,0.0042,0.0063,0,0.0069,0,0.0063,0,0,0.1069,0,0,0,0,0,1.485
SB,Santa Barbara Island,SESL,SE Sea Lion Rookery,2016,Inside,TRUE,0,1.75,0.0417,0,0,0,0,0.0833,0.0417,0.2917,0,0,0.1667,2.25,0,0,0.1475,0,22.5625,0,0.0014,0.0049,0.0021,0,0,0.0014,7e-4,0.0076,0,0.0042,0,0.0063,0,0,0.0833,0,0,0,0,0,0.35666666666666663
SB,Santa Barbara Island,SESL,SE Sea Lion Rookery,2017,Inside,TRUE,0.0417,1.1667,0,0,0.0208,0.0208,0,0,0.0417,0.5,0,0,0.75,1.9583,0,0,0.345,0,7.5475,0,0,0.0111,7e-4,0,0,0.0076,0,0.1208,0,0.0097,0,0.0042,0,0,0.0576,0,0,0,0,0,-0.17666666666666667
SB,Santa Barbara Island,SESL,SE Sea Lion Rookery,2018,Inside,TRUE,0,0.7083,0,0,0,1.2292,0,0,0.875,0.5,0,0,0.25,2.375,0,0,0.3275,0,1.5775,0,0,0.0201,0.0028,0,0,0.0021,0.0028,0.091,0,0.0042,0,0.0097,0,0,0.0604,0,0,0,0,0,0.039999999999999994
SB,Santa Barbara Island,SESL,SE Sea Lion Rookery,2019,Inside,TRUE,0.75,1,0,0,0.0208,6.8333,0,0,1.25,0.625,0,0,0.4583,2.9167,0,0.0833,0.2375,0,0.4875,0,0,0.0396,0.0035,0,0,0.0014,0.0708,0,0,0.0347,0.0028,0.0042,0,0,0.0667,0,0,0,0,0,0.75
SB,Santa Barbara Island,AP,Arch Point,2005,Outside,TRUE,0,0,0.0417,0,0,0,0,0,0.3333,0.125,0.7083,0,21.75,68.0833,0,0,0,0.06,0,0,0.0257,0.0069,0,0,0,0,0.0014,0.0028,0,0,7e-4,0,0,0,0,0,0,0,0,0,0.04166666666666667
SB,Santa Barbara Island,AP,Arch Point,2006,Outside,TRUE,0,0.25,0.1667,0,0,0,0.0417,0,0.375,0.0417,1.0417,0,18.3333,74.7083,0,0.375,0,0.12,0,0,0.0465,0.0111,0,0,0,0,7e-4,0.0104,7e-4,0,0,0.0056,0,0,0,0,0,0,0,0,0.11416666666666668
SB,Santa Barbara Island,AP,Arch Point,2007,Outside,TRUE,0.0833,0.0833,0.0833,0.0417,0,0,0,0,0.0833,0.125,0.2917,0,14.375,82.6667,0,0.2083,0,0.035,0,0,0.0444,0.0049,0,0,0,0,0.0021,0.0181,0,7e-4,0,0.0028,0,0,0,0,0,0,0,0,-0.5908333333333333
SB,Santa Barbara Island,AP,Arch Point,2008,Outside,TRUE,0,0.2083,0.25,0.1667,0,0,0,0,0.9583,0.2917,0.75,0,13.125,132.625,0,1.0417,0,0.105,0,0,0.034,0.0042,0,0,0,0,7e-4,0.0118,0.0014,0,0,0.0028,0,0,0,0,0,0,0,0,-0.7583333333333333
SB,Santa Barbara Island,AP,Arch Point,2009,Outside,TRUE,0.125,0,0.4167,0.0417,0,0,0,0,0.0417,0.2917,1,0,6.5,139.5833,0,0.5,0,0.09,0,0,0.109,0.0021,0,0,0,0,0.0028,0.0681,0,0.0014,0,0.0021,0,0,0,0,0,0,0,0,0.3125
SB,Santa Barbara Island,AP,Arch Point,2010,Outside,TRUE,0,0.0833,0.125,0.0833,0.1042,0,0,0,0.0417,0.1667,1.25,0,6.7083,131.5,0,0.2917,0,0.145,0,0,0.1604,0.0035,0,0,0,0,0,0.0194,0.0028,7e-4,0,7e-4,0,0,0,0,0,0,0,0,-0.4616666666666666
SB,Santa Barbara Island,AP,Arch Point,2011,Outside,TRUE,0,0.25,0.7917,0.2917,0,0,0,0,0.125,0.0833,3.25,0,5.9583,136.75,0,0.2917,0,0.15,0,0,0.0792,0.0042,0,0,0,0,0.0014,0.1187,0.0028,7e-4,0,0.0021,7e-4,0,7e-4,0,0,0,0,0,-0.8391666666666666
SB,Santa Barbara Island,AP,Arch Point,2012,Outside,TRUE,0,0.0417,0.2083,0.0833,0,0,0,0,0.2083,0,3.875,0,7.3333,88.1667,0,0.3333,0,0.225,0,0.02,0.0708,0.0069,0,0,0,0,0.0014,0.0535,0.0028,7e-4,0,0.0028,7e-4,0,7e-4,0,0,0,0,0,-0.11416666666666667
SB,Santa Barbara Island,AP,Arch Point,2013,Outside,TRUE,0,0.375,0.5,0,0.0208,0,0,0,0.0417,0.25,0.2917,0,9.9167,92,0,0.4167,0,0.075,0,0,0.0764,0.0132,0,0,0,0,7e-4,0.1646,0.0021,0,0,7e-4,0,0,0,0,0,0,0,0,-0.29333333333333333
SB,Santa Barbara Island,AP,Arch Point,2014,Outside,TRUE,0,0.0417,0.1667,0,0,0,0,0,0.0417,0.125,0.4583,0,5.25,224.375,0,0.125,0,0.0014,0,0,0.1229,0.0069,0,0,0,0,0.0021,0.0014,0.0014,0.0021,0,0,0,0,0,0,0,0,0,0,0.13999999999999999
SB,Santa Barbara Island,AP,Arch Point,2015,Outside,TRUE,0.0417,7.2083,0.125,0.0417,0,0,0,0,0.625,0.0417,0.0833,0,0.7917,28.8333,0,0.7083,0,0,0.82,0,0.1361,0.0187,0,0,0,0,7e-4,0.0507,0,0,0,0,0,0,0,0,0,0,0,0,1.485
SB,Santa Barbara Island,AP,Arch Point,2016,Outside,TRUE,0,1.0833,0,0,0.0625,0.0208,0,0,1.625,0,0,0,0.2917,7.6667,0,0.0417,0.54,0,3.85,0,0.0722,0.0118,0,0,0,0,0,0.0285,0,7e-4,0,0.0021,0,0,0,0,0,0,0,0,0.35666666666666663
SB,Santa Barbara Island,AP,Arch Point,2017,Outside,TRUE,0.1667,0.4583,0,0.0417,0.0208,0,0,0,2.25,0,0,0,0.1667,19.1667,0,0,0.3175,0,0.795,0,0.009,0.0243,7e-4,0,0,0,0,0.0521,0,7e-4,0,0.0021,0,0,0,0,0,0,0,0,-0.17666666666666667
SB,Santa Barbara Island,AP,Arch Point,2018,Outside,TRUE,0.2083,0.125,0,0.0417,0.0833,0.0208,0,0,4.4583,0,0,0,1.25,55.3333,0,0,0.17,0,0.11,0,0.0083,0.0187,7e-4,0,0,0,0,0.1257,0,0,0,0.0035,0,0,0,0,0,0,0,0,0.039999999999999994
SB,Santa Barbara Island,AP,Arch Point,2019,Outside,TRUE,1.7917,0.1667,0,0,0,0.0208,0,0,5.625,0.0833,0.125,0,2.6667,45,0,0,0.005,0,0.765,0,0.0076,0.0285,0,0.0014,0,0,0,0.0028,0,7e-4,0,0.0076,0,0,0,0,0,0,0,0,0.75
SB,Santa Barbara Island,CAT,Cat Canyon,2005,Outside,TRUE,0.125,0,0.0417,0,0,0,0,0,0.3333,0.5417,0.25,0,16,57.75,0,0,0,0.145,0,0,0.0063,0.0069,0,0,0,0,0,0,0.0014,7e-4,0,0,7e-4,0,7e-4,0,0,0,0,0,0.04166666666666667
SB,Santa Barbara Island,CAT,Cat Canyon,2006,Outside,TRUE,0.0417,0.0417,0.0833,0,0,0,0,0,0.125,0.8333,0.3333,0,12.75,34.4167,0,0.4167,0,0.08,0,0,0.0243,0.0049,0,0,0,0,0,0,0.0049,7e-4,0,0,0,0,0,0,0,0,0,0,0.11416666666666668
SB,Santa Barbara Island,CAT,Cat Canyon,2007,Outside,TRUE,0.0417,0.0417,0.2083,0.0417,0,0,0,0,0.7917,0.4583,0.0833,0,10.875,40.0833,0,0,0,0.06,0,0,0.0757,0.0049,0,0,0,0,0,0.0146,0.0021,0.0014,0,0.0014,0,0,0,0,0,0,0,0,-0.5908333333333333
SB,Santa Barbara Island,CAT,Cat Canyon,2008,Outside,TRUE,0.0417,0,0.1667,0.0833,0,0,0,0,0.6667,0.7083,0.1667,0,10.625,90.0417,0,0.375,0,0.06,0,0,0.05,0.0035,0,0,0,0,0,0.0056,0,0,0,0.0014,7e-4,0,0.0014,0,0,0,0,0,-0.7583333333333333
SB,Santa Barbara Island,CAT,Cat Canyon,2009,Outside,TRUE,0.2083,0,0.25,0,0,0,0,0,1.8333,0.0833,0.25,0,7.875,135.4583,0,0.1667,0,0.07,0,0,0.0729,0.0076,0,0,0,0,0,7e-4,0.0021,0,0,0,0,0,0,0,0,0,0,0,0.3125
SB,Santa Barbara Island,CAT,Cat Canyon,2010,Outside,TRUE,0,0.0417,0.3333,0,0,0,0,0,0.875,0.25,0.25,0,7.4583,35.4583,0,0.375,0.33,0.045,0,0,0.1903,0.0028,0,0,0,0.0014,0,0,0,0,0.0014,0,0,0,0,0,0,0,0,0,-0.4616666666666666
SB,Santa Barbara Island,CAT,Cat Canyon,2011,Outside,TRUE,0.0417,0,0.0833,0.0417,0,0,0,0,0.875,0.2083,0.1667,0,11.3333,79.7083,0,0.4167,0,0.145,0,0,0.1792,0.0056,0,0,0,0,0,7e-4,0.0042,7e-4,0,0,0,0,0.0042,0,0,0,0,0,-0.8391666666666666
SB,Santa Barbara Island,CAT,Cat Canyon,2012,Outside,TRUE,0,0,0.1667,0.125,0.0208,0,0,0,0.25,0.125,0.0833,0,3.5417,63.9167,0,0.0833,0,0.18,0,0.005,0.341,0.0139,0,7e-4,0,0,0,0,0.0049,0.0014,7e-4,0,0,0,0.0035,0,0,0,0,0,-0.11416666666666667
SB,Santa Barbara Island,CAT,Cat Canyon,2013,Outside,TRUE,0.0417,0,0.375,0.125,0,0,0,0,0.125,0.0833,0,0,2.0833,49.9583,0,0.125,0.08,0.04,0,0.015,0.0604,0.0167,0,0,0,0,0,0,7e-4,0,0,0.0014,0,0,7e-4,0,0,0,0,0,-0.29333333333333333
SB,Santa Barbara Island,CAT,Cat Canyon,2014,Outside,TRUE,0,0.0417,0.375,0.0833,0,0,0.0417,0,0.5,0.25,0.125,0,1.5417,44.1667,0,0.4167,0.045,0,0.075,0,0.0785,0.0236,7e-4,0,0,0.0014,0,0,0.0014,0,0,0.0042,0,0,0.0014,0,0,0,0,0,0.13999999999999999
SB,Santa Barbara Island,CAT,Cat Canyon,2015,Outside,TRUE,0,1.2917,0,0.1667,0.0208,0,0.0417,0,1.875,0.0833,0,0,2,20.6667,0,0.0833,0.005,0,8.5675,0,0.0174,0.0208,0.0028,0,0,0.0021,7e-4,0,7e-4,0.0014,0,0.0049,0,0,0,0,0,0,0,0,1.485
SB,Santa Barbara Island,CAT,Cat Canyon,2016,Outside,TRUE,0.0833,0.9583,0,0.2917,0.1458,0,0,0,4.7917,0.375,0,0,0.5833,0.4583,0,0.0417,0.005,0,11.735,0,0.0507,0.0063,0,0,0,7e-4,0,0.0021,0,0.0014,0,0.0014,0,0,0,0,0,0,0,0,0.35666666666666663
SB,Santa Barbara Island,CAT,Cat Canyon,2017,Outside,TRUE,0.0833,0.0833,0,0,0,0,0,0,6.1667,0.0833,0,0,0.9583,0.7083,0,0.0417,0.9175,7e-4,7.2775,0,0,0.009,7e-4,7e-4,0,0,0,0.0042,0,0.0014,0,0.0042,0,0,0,0,0,0,0,0,-0.17666666666666667
SB,Santa Barbara Island,CAT,Cat Canyon,2018,Outside,TRUE,0.3333,0.2083,0,0.0417,0,0,0,0,7.2083,0.0417,0,0,0.9583,1.75,0,0.0417,0.6325,0,4.2325,0,0,0.0139,0.0014,0.0049,0,0,0,0,0,0.0014,0,0.0028,0,0,0,0,0,0,0,0,0.039999999999999994
SB,Santa Barbara Island,CAT,Cat Canyon,2019,Outside,TRUE,0.1667,0.0417,0,0.0833,0,0,0,0,1.5417,0.0833,0.0417,0,1.125,1.7917,0,0,0.0625,0,2.15,0,0,0.0021,0,0.0021,0,0.0056,0,0,0,0,0,0.0076,0,0,0,0,0,0,0,0,0.75
SR,Santa Rosa Island,CP,Cluster Point,2005,Outside,TRUE,0,0,0,0,0.0208,0,0,0,0,0.125,1.5417,0.4792,0.4583,0.5417,0.2083,0,0.0675,0.125,0,0,0,0.0139,0,0,0.0014,0.0146,0,0,0.0187,0,0,0,0.016,0,0.1951,0.0396,0,0,0,0,0.04166666666666667
SR,Santa Rosa Island,CP,Cluster Point,2006,Outside,TRUE,0,0,0,0.125,0.0208,0,0,0,0,0.25,1.625,3.625,1.0417,0.2917,0.3333,0,0.6275,0.115,0,0,0,0.0139,0,0,7e-4,0.0063,0,0,0.0104,0,0,0,0.0326,0,0.1382,0.0306,0,0,0,0,0.11416666666666668
SR,Santa Rosa Island,CP,Cluster Point,2007,Outside,TRUE,0,0,0,0.2083,0.0208,0.1042,0.0417,0,0,0.1667,2.625,2.9792,2.3333,1.25,0.4583,0,0.16,0.11,0,0,0,0.0215,0,0,0.0014,0.0083,0,0,0.0146,0,0,0,0.0167,0,0.175,0.0479,0,0,0,0,-0.5908333333333333
SR,Santa Rosa Island,CP,Cluster Point,2008,Outside,TRUE,0,0,0.0417,0.2083,0.0625,0.0417,0,0,0,0.2083,2,5.6458,2.7917,2.1667,0.2917,0,0.3675,0.33,0,0,0.0014,0.0187,0,0,7e-4,0.0076,0,0,0.0132,0,0,0,0.0056,0,0.1569,0.0243,0,0,0,0,-0.7583333333333333
SR,Santa Rosa Island,CP,Cluster Point,2009,Outside,TRUE,0,0,0.0417,0.5833,0.1042,0,0,0,0,0.125,4.2083,2.0833,4.25,6.4167,0.9167,0,0.2075,0.13,0,0,0,0.0076,0,0,0.0021,0.0104,0,0,0.016,0,0,0,0.0097,0,0.2111,0.0382,0,0,0,0,0.3125
SR,Santa Rosa Island,CP,Cluster Point,2010,Outside,TRUE,0,0,0.0417,0.1667,0.1667,0,0,0,0,0.2917,2.25,1.1042,4.25,6.4167,0.4583,0,0.06,0.13,0,0,0,0.0181,0,0,7e-4,0.0243,0,0,0.0104,0,0,0,0.0069,0,0.2062,0.0389,0,0,0,0,-0.4616666666666666
SR,Santa Rosa Island,CP,Cluster Point,2011,Outside,TRUE,0,0,0.0833,0.2083,0.2292,0,0,0,0,0.1667,5.0417,0.9792,5.9583,8.25,1.1667,0,0.04,0.105,0,0,0,0.0132,0,0,0,0.0083,0,0,0.0174,0,0,0,0.0104,0,0.191,0.0389,0,0,0,0,-0.8391666666666666
SR,Santa Rosa Island,CP,Cluster Point,2012,Outside,TRUE,0,0,0.0417,0.2917,0.2083,0,0,0,0,0.1667,3.8333,0.2917,4.2917,2.3333,0.6667,0,0.0375,0.135,0,0,0,0.0153,0,0,7e-4,0.0042,0,0,0.0229,0,0,0,0.0201,0,0.1882,0.0486,0,0,0,0,-0.11416666666666667
SR,Santa Rosa Island,CP,Cluster Point,2013,Outside,TRUE,0,0,0.1667,0.0833,0.5,0.0417,0,0,0,0.0833,4.5833,0.2292,4.7917,6.6667,0.2917,0,0.035,0.1,0,0,0,0.0243,0,0,7e-4,0.016,0,0,0.0194,0,0,0,0.0174,0,0.2188,0.0625,0,0,0,0,-0.29333333333333333
SR,Santa Rosa Island,CP,Cluster Point,2014,Outside,TRUE,0,0,0.25,0.125,0.4792,0,0.0417,0,0,0.1667,4,0.25,5.7917,11.125,0.2917,0,0.045,0.0014,0,0,0.0014,0.0306,0,0,0,0.009,0,0,0.0187,0,0,0,0,0,0.2028,0.0437,0,7e-4,0,0,0.13999999999999999
SR,Santa Rosa Island,CP,Cluster Point,2015,Outside,TRUE,0,0,0.1667,0.2083,0.2917,0,0,0,0,0.2083,1.4167,0.4375,9.4167,22.4167,0.2083,0,0.0575,0.0042,0,0,0.0118,0.1882,0,0,0.0104,0.0118,0,0.0014,0.0312,0,0,0,0,0,0.1507,0.0465,0,0,0,0,1.485
SR,Santa Rosa Island,CP,Cluster Point,2016,Outside,TRUE,0,0,0.0417,0.2083,0.2292,0,0,0,0.0833,0.1667,0.875,0.4792,7.6667,23.2917,0,0,0.0025,0.0014,0,0,0,0.2049,0,0,0.0014,0.0118,0,7e-4,0.0389,0,0,0,0,0,0.1229,0.05,0,7e-4,0,0,0.35666666666666663
SR,Santa Rosa Island,CP,Cluster Point,2017,Outside,TRUE,0,0,0.0417,0.1667,0,0,0.0417,0,0.0417,0.125,1.0417,0,4.2917,34.7083,0,0,0,0.0021,0,0,0,0.2896,0,0,0.0174,0.0125,0,0.0035,0.0368,0,0,0,0,0,0.1201,0.0368,0,0,0,0,-0.17666666666666667
SR,Santa Rosa Island,CP,Cluster Point,2018,Outside,TRUE,0,0,0.0417,0.1667,0,0,0,0,0.125,0.0833,1.4583,0,4.125,64.375,0,0,0,0,0,0,0.0063,0.2354,0,0,0.0118,0.0083,0,0.0083,0.0285,0,0,0,0,0,0.0903,0.0472,7e-4,0,0,0,0.039999999999999994
SR,Santa Rosa Island,CP,Cluster Point,2019,Outside,TRUE,0,0.0417,0.25,0.0417,0,0,0.0833,0,0.25,0.125,1.6667,0,3.4167,33.375,0,0,0.0025,7e-4,0,0,0.0118,0.5035,0,0,0.0035,0.016,0,0.0444,0.0174,0,0,0,0,0,0.0306,0.05,0,0,0,0,0.75
SR,Santa Rosa Island,TC,Trancion Canyon,2005,Inside,TRUE,0,0,0.1667,0.625,0,0,0,0,0,0.25,1.3333,0.2917,6,1.2083,0.7917,0,0.12,0.37,0,0,0,0.0104,0,0,0.0014,0.0028,7e-4,0,0.016,0,0,0,0.0549,0,0.0993,0.0486,0,0,0,0,0.04166666666666667
SR,Santa Rosa Island,TC,Trancion Canyon,2006,Inside,TRUE,0,0,0.0833,0.7917,0,0,0,0,0,0.5,1.6667,0.5,5.0833,1.9167,0.4583,0,0.16,0.135,0,0,0,0.0111,0,0,0,0,0,0,0.0146,0,0,0,0.0146,0,0.1056,0.0597,0,0,0,0,0.11416666666666668
SR,Santa Rosa Island,TC,Trancion Canyon,2007,Inside,TRUE,0,0,0.25,0.3333,0.0208,0,0,0,0.0417,0.1667,2.0833,0.5833,5.75,4.2083,0.7083,0,0.255,0.24,0,0,0,0.0257,0,0,7e-4,0.0035,7e-4,0,0.0201,0,0,0,0.0042,0,0.1083,0.0333,0,0,0,0,-0.5908333333333333
SR,Santa Rosa Island,TC,Trancion Canyon,2008,Inside,TRUE,0,0,0.125,0.2917,0.0417,0,0,0,0.0417,0.1667,1.9583,3.1458,6.5833,7.1667,0.875,0,0.33,0.395,0,0,0,0.0167,0,0,0,0.0021,0,0,0.0194,0,0,0.0014,0.0028,0,0.116,0.0618,0,0,0,0,-0.7583333333333333
SR,Santa Rosa Island,TC,Trancion Canyon,2009,Inside,TRUE,0,0,0,0.5833,0.125,0,0,0,0,0.2083,2.125,0.8542,8.1667,10.3333,0.3333,0,0.2025,0.525,0,0,0,0.0069,0,0,0,7e-4,0,0,0.0181,0,0,0,0.0063,0,0.1187,0.0694,0,0,0,0,0.3125
SR,Santa Rosa Island,TC,Trancion Canyon,2010,Inside,TRUE,0,0,0.5,0.4167,0.0417,0,0,0,0,0.5417,3,0.4375,11.25,21.2917,0.2083,0,0.0275,0.36,0,0,0,0.0063,0,0,0,0.0021,7e-4,0,0.0187,0,0,0,0.0132,0,0.1368,0.0813,0,0,0,0,-0.4616666666666666
SR,Santa Rosa Island,TC,Trancion Canyon,2011,Inside,TRUE,0,0,0.1667,0.9167,0,0,0,0,0,0.0833,3.375,0,12.3333,9.125,0,0,0,0.43,0,0,0,0.0132,0,0,0,0,0,0,0.0382,0,0,7e-4,0.0236,0,0.1333,0.1076,0,0,0,0,-0.8391666666666666
SR,Santa Rosa Island,TC,Trancion Canyon,2012,Inside,TRUE,0,0,0.4167,0.1667,0,0,0,0,0,0.2917,3.5,0.3333,8.0417,2.7083,0,0,0.0075,0.37,0,0,0,0.0069,0,0,0,0,0.0014,0,0.0146,0,0,0,0.0111,0,0.1069,0.0854,0,0,0,0,-0.11416666666666667
SR,Santa Rosa Island,TC,Trancion Canyon,2013,Inside,TRUE,0,0,0.5417,0.6667,0.0625,0,0,0,0,0.4583,4.75,1.2917,10.4167,1.375,0,0,0.02,0.525,0,0,0.0014,0.0021,0,0,0,0,7e-4,0,0.0222,0,0,0,0.0118,0,0.0819,0.0813,0,7e-4,0,0,-0.29333333333333333
SR,Santa Rosa Island,TC,Trancion Canyon,2014,Inside,TRUE,0,0,0.5,0.5,0.0417,0,0,0,0,0.2917,3.9167,0.75,8.75,8.4167,0,0,0.1275,0.0111,0,0,7e-4,0.0472,0,0,0,0,0,0.0069,0.0264,0,0,0,0,0,0.1292,0.1035,0,0,0,0,0.13999999999999999
SR,Santa Rosa Island,TC,Trancion Canyon,2015,Inside,TRUE,0,0,0.3333,1.125,0.0208,0,0.0417,0,0,0.2083,1.3333,0.3333,12.7917,15.6667,0.0417,0,0.075,0.0042,0,0,0.0257,0.1382,0,0,0,7e-4,0,0.0201,0.0194,0,0,0.0021,0,0,0.0875,0.0618,0,0,0,0,1.485
SR,Santa Rosa Island,TC,Trancion Canyon,2016,Inside,TRUE,0,0,0.4167,0.75,0,0,0,0,0.625,0.2083,0.7083,0,15.5833,20.5417,0,0,0.05,0.0063,0,0,0.0028,0.1792,0,0,0,0,0,0,0.0354,0,0,0,0,0,0.0667,0.0604,0,0,0,0,0.35666666666666663
SR,Santa Rosa Island,TC,Trancion Canyon,2017,Inside,TRUE,0.0417,0,0.2083,0.125,0.0625,0,0.125,0,0.75,0.0417,0.5417,0.0833,10.375,24.625,0,0.0417,0.0625,0.0069,0,0,0.0021,0.2479,0,0,0.0021,0,0,0.0194,0.0535,0,0,0.0035,0,0,0.0722,0.0854,0,0,0,0,-0.17666666666666667
SR,Santa Rosa Island,TC,Trancion Canyon,2018,Inside,TRUE,0,0.0417,0.3333,0.1667,0,0,0.0833,0,0.6667,0.125,0.9583,0,14.7083,50.2917,0,0,0.0375,0.0049,0,0,0,0.325,0,0,7e-4,0.0021,0,0.0035,0.0639,0,0,0.009,0,0,0.0562,0.059,0,0,0,0,0.039999999999999994
SR,Santa Rosa Island,TC,Trancion Canyon,2019,Inside,TRUE,0,0,0.1667,0.2083,0.125,0,0.0417,0,0.2083,0.1667,1.7083,0.0625,13.7083,30.1667,0.0833,0,0.025,0.0042,0,0,0.0063,0.2667,0,0,0,0.0063,0,0.0035,0.0618,0,0,0,0,0,0.0681,0.0931,0,0,0,0,0.75
SR,Santa Rosa Island,CSAW,Chickasaw,2005,Inside,TRUE,0,0,0.0833,0.0833,0,0,0,0,0,0,1.25,0.0625,0.375,0,1.3333,0,0.0675,0.15,0,0,0,0.0069,0,0,0.0153,0,0,0,0.0049,0,0,0,0.0417,0,0.0861,0.0611,0,0,0,0,0.04166666666666667
SR,Santa Rosa Island,CSAW,Chickasaw,2006,Inside,TRUE,0,0,0,0,0,0.0208,0,0,0,0.0833,1.0417,0.1042,0.5833,0.0833,0.2917,0,0.1675,0.18,0,0,0,0.009,0,0,0.0118,0,0,0,0.0049,0,0,0,0.0194,0,0.0562,0.066,0,0,0,0,0.11416666666666668
SR,Santa Rosa Island,CSAW,Chickasaw,2007,Inside,TRUE,0,0,0.25,0.4167,0,0.5625,0,0,0,0.0417,1.625,0.4375,1.25,0.1667,0.2083,0,0.44,0.29,0,0,0,0.0069,0,0,0.0083,0,0,0,0.0014,0,0,0,0.0028,0,0.0528,0.034,0,0,0,0,-0.5908333333333333
SR,Santa Rosa Island,CSAW,Chickasaw,2008,Inside,TRUE,0,0,0.125,0.1667,0,0,0,0,0,0.0417,1.875,0.1458,1.125,0.7083,0.3333,0,0.25,0.14,0,0,0,0.0111,0,0,0.0167,0,0,0,0.0021,0,0,0,0.0097,0,0.0757,0.0521,0,0,0,0,-0.7583333333333333
SR,Santa Rosa Island,CSAW,Chickasaw,2009,Inside,TRUE,0,0,0.0833,0.1667,0.0208,0,0,0,0,0.0833,2.4583,0.2708,2.375,1.8333,0.1667,0,0.3275,0.105,0,0,0.0229,0.0063,0,0,0.0111,0,0,0,0.0035,0,0,0,7e-4,0,0.0653,0.0569,0,0,0,0,0.3125
SR,Santa Rosa Island,CSAW,Chickasaw,2010,Inside,TRUE,0,0,0.0417,0.375,0,0,0,0,0,0.1667,1.8333,0.25,2.4583,2.375,0.5,0,0.175,0.16,0,0,0,0.0153,0,0,0.0069,0,0,0,0.0035,0,0,0,0.0028,0,0.0785,0.0542,0,0,0,0,-0.4616666666666666
SR,Santa Rosa Island,CSAW,Chickasaw,2011,Inside,TRUE,0,0,0.0417,0.125,0.0208,0,0,0,0,0.125,2.375,0.2083,3.2083,2,0.7917,0,0.1025,0.145,0,0,0,0.0181,0,0,0.009,0,0,0,0.0076,0,0,0,0.0063,0,0.0701,0.0799,0,0,0,0,-0.8391666666666666
SR,Santa Rosa Island,CSAW,Chickasaw,2012,Inside,TRUE,0,0,0.2083,0.0417,0.0417,0,0,0,0,0.1667,1.75,0.125,4.2083,4.625,0,0,0.2775,0.06,0,0,0.0021,0.0042,0,0,0.0069,0,0,0,0.0056,0,0,0,0.0035,0,0.0542,0.0535,0,0,0,0,-0.11416666666666667
SR,Santa Rosa Island,CSAW,Chickasaw,2013,Inside,TRUE,0,0,0.4583,0.0833,0,0,0,0,0,0.125,2.1667,0.125,6.4167,1.75,0.3333,0,0.145,0.215,0,0,0,0.0111,0,0,0.0111,0,0,0,0.009,0,0,0,0.0056,0,0.0569,0.0576,0,0,0,0,-0.29333333333333333
SR,Santa Rosa Island,CSAW,Chickasaw,2014,Inside,TRUE,0,0,0.2917,0.2083,0,0,0,0,0,0.125,2.3333,0.0417,4.5833,5.25,0.25,0,0.285,0,0,0,7e-4,0.0562,0,0,0.0181,0,0,0,0.0056,0,0,7e-4,0,0,0.0757,0.0604,0,0,0,0,0.13999999999999999
SR,Santa Rosa Island,CSAW,Chickasaw,2015,Inside,TRUE,0,0.0417,0.5,0.4583,0.0417,0,0,0,0,0.2083,1.125,0.1667,6.2917,15.75,0.2917,0,0.1325,0.0021,0,0,0.0403,0.141,0,0,0.0174,0,0,0,0.0056,0,0,7e-4,0,0,0.0493,0.0549,0,0,0,0,1.485
SR,Santa Rosa Island,CSAW,Chickasaw,2016,Inside,TRUE,0,0,0.2917,0.125,0,0,0,0,0,0,0.625,0.1458,7.4583,12.4583,0.2083,0,0.1425,0.0042,0,0,0.0076,0.2306,0,0,0.0167,0,0,0,0.0083,0,0,7e-4,0,0,0.0597,0.0611,0,0,0,0,0.35666666666666663
SR,Santa Rosa Island,CSAW,Chickasaw,2017,Inside,TRUE,0,0,0.0833,0.25,0.0625,0,0,0,0.0833,0.125,0.5417,0.875,4.8333,20.75,0.25,0,0.1525,0.0069,0,0,0.0035,0.1868,0,0,0.0097,7e-4,0,0,0.0181,0,0,7e-4,0,0,0.0431,0.0479,0,0,0,0,-0.17666666666666667
SR,Santa Rosa Island,CSAW,Chickasaw,2018,Inside,TRUE,0,0,0,0.1667,0.0417,0,0.0417,0,0.4167,0.375,0.6667,0.1875,7.7917,21.75,0.0833,0,0.105,0.0021,0,0,0,0.2451,0,0,0.0111,0,0,0,0.0264,0,0,0,0,0,0.0396,0.059,0,0,0,0,0.039999999999999994
SR,Santa Rosa Island,CSAW,Chickasaw,2019,Inside,TRUE,0.0417,0,0,0.5833,0,0,0,0,0.2917,0.1667,0.875,0.0833,10.75,26.2917,0,0,0.105,0.0014,0,0,0,0.309,0,0,0.0132,0,0,0,0.0167,0,0,7e-4,0,0,0.059,0.0507,0,0,0,0,0.75
SR,Santa Rosa Island,SP,South Point,2005,Inside,TRUE,0,0,0.0417,0,0,0.1458,0,0,0,0,2.2083,0.5208,0,0,1.5,0,0.085,0.03,0,0,0.0014,0.0076,0,0,0.0299,0.0104,0,0,0.0021,0,0,0,0.0257,0,0.0778,0.0174,0,0,0,0,0.04166666666666667
SR,Santa Rosa Island,SP,South Point,2006,Inside,TRUE,0,0,0.0417,0.0833,0,0.25,0,0,0.0417,0,1.5,0.7708,0.2083,0,0.7083,0,0.3575,0.01,0,0,0,7e-4,0,0,0.0451,7e-4,0,0,0,0,0,0,0.0187,0,0.0653,0.0215,0,0,0,0,0.11416666666666668
SR,Santa Rosa Island,SP,South Point,2007,Inside,TRUE,0,0,0.125,0.125,0,0.2292,0,0,0,0.0417,2.7917,0.6458,0.0833,1.375,0.8333,0,0.1825,0.055,0,0,0,0,0,0,0.025,0.0028,0,0,0.0021,0,0,0,0.0014,0,0.0521,0.0125,0,0,0,0,-0.5908333333333333
SR,Santa Rosa Island,SP,South Point,2008,Inside,TRUE,0,0,0,0.125,0.0208,0.8958,0,0,0,0.0417,2.2917,1.4375,0.0417,1.0417,0.7917,0,0.5025,0.065,0,0,0,0.0035,0,0,0.0458,0.0042,0,0,0.0014,0,0,0,0.0056,0,0.0806,0.025,0,0,0,0,-0.7583333333333333
SR,Santa Rosa Island,SP,South Point,2009,Inside,TRUE,0,0,0.2083,0.2917,0,1.0625,0,0,0,0,1.9167,0.6875,0.625,4,0.4167,0,0.46,0.09,0,0,0.0028,0.0014,0,0,0.0465,7e-4,0,0,7e-4,0,0,0,0.0028,0,0.0361,0.0222,0,0,0,0,0.3125
SR,Santa Rosa Island,SP,South Point,2010,Inside,TRUE,0,0,0.1667,0.1667,0,0.5208,0,0,0,0.0833,2.9167,0.6667,1.4583,8.75,3.1667,0,0.15,0.08,0,0,0,7e-4,0,0,0.0361,7e-4,0,0,0.0028,0,0,0,0.0056,0,0.0674,0.0181,0,0,0,0,-0.4616666666666666
SR,Santa Rosa Island,SP,South Point,2011,Inside,TRUE,0,0,0.2083,0.0833,0.0417,0.75,0,0,0,0.125,2.875,0.9792,1.5833,10.875,2.2083,0,0.105,0.035,0,0,7e-4,0.0049,0,0,0.0556,7e-4,0,0,0.0035,0,0,0,0.0076,0,0.0514,0.0361,0,0,0,0,-0.8391666666666666
SR,Santa Rosa Island,SP,South Point,2012,Inside,TRUE,0,0,0.0417,0.1667,0.0417,0.9583,0,0,0.0417,0.0417,3.5417,0.8958,0.4167,7.7917,0.2083,0,0.33,0.04,0,0,0.0042,0.0035,0,0,0.0389,7e-4,0,0,0,0,0,0,0.0076,0,0.0514,0.034,0,0,0,0,-0.11416666666666667
SR,Santa Rosa Island,SP,South Point,2013,Inside,TRUE,0,0,0.0417,0,0,0.6875,0,0,0,0,2.625,0.8125,0.25,3.3333,1.0417,0,0.195,0.05,0,0,0,0.0049,0,0,0.0507,0.0014,0,0,0.0014,0,0,0,0.0194,0,0.0632,0.0264,0,0,0,0,-0.29333333333333333
SR,Santa Rosa Island,SP,South Point,2014,Inside,TRUE,0,0,0.0417,0.0833,0.0208,0.8333,0,0,0,0,2.4583,1.1875,3.1667,13.0833,0.5,0,0.2725,0,0,0,0.0076,0.0069,0,0,0.0417,0,0,0,0.0035,0,0,7e-4,0,0,0.0549,0.0201,0,0,0,0,0.13999999999999999
SR,Santa Rosa Island,SP,South Point,2015,Inside,TRUE,0,0,0.2083,0.3333,0.0417,0.9583,0,0,0,0.0417,1.0833,0.6458,4.5417,17.5,0.2917,0,0.26,0.0014,0,0,0.0347,0.0167,0,0,0.0896,0,0,7e-4,0.0042,0,0,7e-4,0,0,0.0451,0.0139,0,0,0,0,1.485
SR,Santa Rosa Island,SP,South Point,2016,Inside,TRUE,0,0,0.0833,0.375,0.0208,0.6667,0,0,0,0,0.375,0.25,1.5417,11.375,0.3333,0,0.205,7e-4,0,0,0,0.0097,0,0,0.0514,7e-4,0,0,0.0049,0,0,7e-4,0,0,0.0521,0.0215,0,0,0,0,0.35666666666666663
SR,Santa Rosa Island,SP,South Point,2017,Inside,TRUE,0.0417,0,0,0.2917,0.1667,0.625,0,0,0,0.0417,0.4167,5.3333,1.6667,6.625,0.0833,0,0.31,0.0028,0,0,0.0111,0.0347,0,0,0.0556,0,0,0,0.0063,0,0,0,0,0,0.0306,0.0215,0,0,0,0,-0.17666666666666667
SR,Santa Rosa Island,SP,South Point,2018,Inside,TRUE,0,0,0,0.0833,0,2.2292,0,0,0.6667,0.0417,0.8333,1.3333,2.1667,52.2917,0,0,0.22,0.0014,0,0,0.0021,0.0181,0,0,0.0368,7e-4,0,0,0.0049,0,0,0,0,0,0.0396,0.0326,0,0,0,0,0.039999999999999994
SR,Santa Rosa Island,SP,South Point,2019,Inside,TRUE,0,0,0,0.0417,0.0208,2.2083,0,0,0.5833,0,0.9167,1.0417,0.4583,14.9167,0,0,0.175,0,0,0,0.0146,0.0076,0,0,0.0319,0.0014,0,0,0.0049,0,0,7e-4,0,0,0.0312,0.05,0,0,0,0,0.75
SC,Santa Cruz Island,DPM,Devil's Peak Member,2005,Outside,TRUE,0.2083,0.0833,2.125,0.1667,0,0,0,0,0.125,0.1667,0.5833,0,1.5417,26.1667,0,0,0,0.125,0,0,0.0104,0.05,0,0,0,0,0.0771,0.025,0.0861,0.0021,0,0,0.0028,0,0.0076,0,0,0,0,0,0.04166666666666667
SC,Santa Cruz Island,DPM,Devil's Peak Member,2006,Outside,TRUE,0.0833,0.0833,0.5,0.0417,0,0,0,0,0,0.2917,1,0,2.25,19.9167,0,0.0417,0,0.06,0,0,0.0111,0.0174,0,0,0,7e-4,0.0528,0.0049,0.0903,0.0021,0.0014,0,0.0035,0,0.0028,0,0,0,0,0,0.11416666666666668
SC,Santa Cruz Island,DPM,Devil's Peak Member,2007,Outside,TRUE,0.625,0.125,1.375,0,0,0,0,0.125,0.1667,0.25,0.5833,0,3.2083,21.125,0,0,0,0.145,0,0,0.0125,0.0528,0,0,0,0.0014,0.1174,0.0181,0.1771,0.0028,7e-4,7e-4,0.0035,0,0.0104,0,0,0,0,0,-0.5908333333333333
SC,Santa Cruz Island,DPM,Devil's Peak Member,2008,Outside,TRUE,0.3333,0,1.5417,0.0833,0.0208,0,0,0,0.0833,0.1667,0.4167,0,3.6667,23.875,0,0.0417,0,0.13,0,0,0.0222,0.0542,0,0,0,0,0.0938,0.0111,0.2479,0.0042,0,0.0014,0.0021,0,0.0347,0,0,0,0,0,-0.7583333333333333
SC,Santa Cruz Island,DPM,Devil's Peak Member,2009,Outside,TRUE,0.25,0,1.0417,0.2917,0,0,0,0.7917,0.0833,0.7083,0.7917,0,4.375,28.1667,0,0.0417,0,0.225,0,0,0.0153,0.0187,0,0,0,0,0.0979,0.0035,0.2903,0.0035,0.0021,0,0.0049,0,0.0493,0,0,0,0,0,0.3125
SC,Santa Cruz Island,DPM,Devil's Peak Member,2010,Outside,TRUE,0.0833,0.1667,0.6667,0.0417,0.0417,0,0,0,0,0.4167,0.4167,0,2.4583,14.2083,0,0.0417,0,0.335,0,0,0.0014,0.0174,0,0,0,0,0.0583,0.0021,0.3208,0.0028,7e-4,7e-4,7e-4,0,0.0625,0,0,0,0,0,-0.4616666666666666
SC,Santa Cruz Island,DPM,Devil's Peak Member,2011,Outside,TRUE,0,0.1667,0,0.0417,0.2292,0,0,0,0,0.4583,0.9583,0,3.5,11.0833,0,0.0417,0,0.28,0,0,0.0111,0.0201,0,0,0,0,0.0618,7e-4,0.2931,0.0028,0.0014,0,0.0028,0,0.0778,0,0,0,0,0,-0.8391666666666666
SC,Santa Cruz Island,DPM,Devil's Peak Member,2012,Outside,TRUE,0.0417,0,0.875,0.0833,0,0,0.0833,0,0.0833,0.2083,1.6667,0,6.5,21.125,0,0.0417,0,0.245,0,0.045,0.0063,0.0222,0,0,0,0,0.0868,0,0.1639,0.0035,0,0,0.0111,0,0.0729,0,0,0,0,0,-0.11416666666666667
SC,Santa Cruz Island,DPM,Devil's Peak Member,2013,Outside,TRUE,0.1667,0.0417,0.625,0.625,0,0,0,0,0,0.2083,0.7917,0,5.625,18.125,0,0.0417,0,0.12,0,0.01,0.0056,0.0201,0,0,0,0.0014,0.1174,0.0028,0.1639,0.0021,7e-4,7e-4,0.0056,0,0.0903,0,0,0,0,0,-0.29333333333333333
SC,Santa Cruz Island,DPM,Devil's Peak Member,2014,Outside,TRUE,0,0,0.5417,0.4583,0,0,0,0,0.1667,0.0833,1.375,0,6.6667,15.5417,0,0.0417,0,0,0,7e-4,0.0187,0.0125,7e-4,0,0,0.0014,0.0861,0.0701,0.184,0.0021,0,0,0,0,0.0785,0,0,0,0,0,0.13999999999999999
SC,Santa Cruz Island,DPM,Devil's Peak Member,2015,Outside,TRUE,0.375,1.0417,0.5,1.4167,0,0,0.0417,0,0.8333,0,0.125,0,5.5,11.2917,0,0,0,7e-4,0,0.0021,0.0729,0.0118,0,0,7e-4,0.0292,0.0875,0.009,0.1535,0.0028,7e-4,0,0,0,0.0382,0,0,0,0,0,1.485
SC,Santa Cruz Island,DPM,Devil's Peak Member,2016,Outside,TRUE,0.2917,1.5417,0.0833,0.0417,0,0,0,1.625,1.25,0.0417,0,0,0.625,0.875,0,0,0,0,0.5675,0,0.0222,0.0111,0,0,0,0.0271,0.1174,0.0035,0.1514,0.0049,0,0,0,0,0.0125,0,0,0,0,0,0.35666666666666663
SC,Santa Cruz Island,DPM,Devil's Peak Member,2017,Outside,TRUE,0.0417,0.9167,0.0417,0.0417,0.0208,0,0.0417,1.4167,1.5,0,0.0417,0,0.625,1.4583,0,0,0,7e-4,0.475,0,0.0167,0.0083,0,0,0,0.0208,0.034,1.0222,0.1549,0.0014,0,7e-4,0,0,0.0028,0,0,0,0,0,-0.17666666666666667
SC,Santa Cruz Island,DPM,Devil's Peak Member,2018,Outside,TRUE,0.625,0.5833,0.25,0.2917,0,0,0,0.5,5.7917,0.0833,0,0,2.0833,22.9167,0,0,0,0.0035,1.27,7e-4,0.0035,0.0125,0,0,0,0.0625,0.0757,0.1639,0.1389,0.0014,0,7e-4,0,0,0.0014,0,0,0,0,0,0.039999999999999994
SC,Santa Cruz Island,DPM,Devil's Peak Member,2019,Outside,TRUE,0.875,1.5,0.0417,0.2917,0,0.0833,0,1.2083,7.2083,0.2083,0.0833,0,1.0833,10.5417,0,0.0417,0,0.0028,4.5575,0,0.0319,0.0139,0,0,0,0.075,0.0472,0.0556,0.0056,0.0021,0,0,0,0,0.0014,0,0,0,0,0,0.75
SC,Santa Cruz Island,PP,Potato Pasture,2005,Inside,TRUE,0.0833,0.125,1.7083,0.25,0,0,0,0,0.0833,0.4167,0.5,0,5.7083,22.1667,0,0,0,0.065,0,0,0.0146,0.1292,0,0,0,7e-4,0.0861,0.2826,0.016,7e-4,0,0,0,0,0.0153,0,0,0,0,0,0.04166666666666667
SC,Santa Cruz Island,PP,Potato Pasture,2006,Inside,TRUE,0.2917,0.125,1.7917,0.0417,0,0,0,0,0.0417,0.625,0.4583,0,6.5417,28.7083,0,0.1667,0,0.04,0,0,0.0056,0.0562,0,0,0,0.0132,0.0847,0.2424,0.0264,7e-4,0,0,0,0,0.0111,0,0,0,0,0,0.11416666666666668
SC,Santa Cruz Island,PP,Potato Pasture,2007,Inside,TRUE,0.25,0,1.75,0,0,0,0,0,0.2917,0.6667,0.375,0,7.3333,25.5833,0,0.0417,0,0.055,0,0,0.0063,0.0771,0,0,0,0.0125,0.084,0.3535,0.0521,0,0,0.0014,7e-4,0,0.0326,0,0,0,0,0,-0.5908333333333333
SC,Santa Cruz Island,PP,Potato Pasture,2008,Inside,TRUE,0.2083,0.0833,1.25,0.25,0,0,0,0,0.1667,0.375,0.375,0,6.6667,15.9583,0,0.125,0,0.065,0,0,0.0014,0.0743,0,0,0,0.0069,0.0861,0.1451,0.0431,0.0014,0,0.0035,7e-4,0,0.0201,0,0,0,0,0,-0.7583333333333333
SC,Santa Cruz Island,PP,Potato Pasture,2009,Inside,TRUE,0.0417,0.2083,1.7083,0.0417,0,0,0,0.2083,0.0417,0.875,1.0417,0,4.5833,19.8333,0,0.4167,0,0.085,0,0,0.0028,0.0604,0,0,0,0.0083,0.0868,0.0111,0.034,0.0028,0,0.0056,0,0,0.0236,0,0,0,0,0,0.3125
SC,Santa Cruz Island,PP,Potato Pasture,2010,Inside,TRUE,0.0417,0.4167,0.4167,0,0.9375,0,0,0.0833,0.1667,1.125,0.9167,0,2.375,13.75,0,0.125,0.1375,0.075,0,0,0.0049,0.041,0,0,0,0.0063,0.0792,0.0187,0.0257,0.0021,0,0.0056,0,0,0.0667,0,0,0,0,0,-0.4616666666666666
SC,Santa Cruz Island,PP,Potato Pasture,2011,Inside,TRUE,0.125,0,0.9167,0.2083,0.2292,0,0,0,0.2917,1,1.9167,0,4,40.2917,0,0.125,0.03,0.17,0,0,0.0257,0.0375,0,0,0,0.0056,0.0757,0.0757,0.0201,0.0021,0,0.0049,0,0,0.0604,0,0,0,0,0,-0.8391666666666666
SC,Santa Cruz Island,PP,Potato Pasture,2012,Inside,TRUE,0,0.125,1.375,0.0417,0.1667,0,0.0417,0,0,0.7917,1.7917,0,3.0833,22.4167,0,0.0833,0.0125,0.155,0,0.02,0.0069,0.0201,0,0,0,0.0111,0.0681,0.0257,0.0187,0.0014,0,0.0049,0,0,0.0924,0,0,0,0,0,-0.11416666666666667
SC,Santa Cruz Island,PP,Potato Pasture,2013,Inside,TRUE,0,0.125,1.4167,0.0833,0.4792,0.0625,0.125,0,0.0833,1.5833,0.875,0,4.4167,24.5417,0,0.25,0.01,0.1,0.0125,0.015,0.0125,0.0368,0,0,0,0.0028,0.0639,0.0042,0.0187,7e-4,0,0.0069,0,0,0.0785,0,0,0,0,0,-0.29333333333333333
SC,Santa Cruz Island,PP,Potato Pasture,2014,Inside,TRUE,0.7917,0.2917,1.0417,0.375,5.0833,0.375,0,0,0.0833,1.0833,0.5833,0,1.6667,14.375,0,0.3333,0.0875,0.0014,2.4425,0,0.0208,0.0285,0,0,0,0.025,0.0549,0.0174,0.0076,0,0,0.0139,0,0,0.0778,0,0,0,0,0,0.13999999999999999
SC,Santa Cruz Island,PP,Potato Pasture,2015,Inside,TRUE,0.3333,1.0417,0.125,0.125,4.2292,0.2083,0,0.6667,0.0833,0.6667,0.0417,0,0.3333,2.0833,0,0.125,0.2525,0,22.265,0,0.0167,0.0833,0,0,0,0.0111,0.0403,7e-4,7e-4,0.0014,0,0.0153,0,0,0.025,0,0,0,0,0,1.485
SC,Santa Cruz Island,PP,Potato Pasture,2016,Inside,TRUE,0.3333,1.125,0.0833,0,3.0833,0,0,1.25,0.75,0.7083,0,0,0.2083,0.5,0,0.0417,0.19,7e-4,34.24,0,0.0125,0.0576,0,0,0,0.0375,0.0215,0,7e-4,0.0014,0,0.016,0,0,0.0153,0,0,0,0,0,0.35666666666666663
SC,Santa Cruz Island,PP,Potato Pasture,2017,Inside,TRUE,0.125,0.5,0,0.0417,3.25,0,0,0.375,0.25,0.5833,0.1667,0,0.2917,0.5833,0,0,0.4225,0,7.265,0,7e-4,0.0333,0,0,0,0.0604,0.0076,0.0806,0,7e-4,0,0.0118,0,0,0.0208,0,0,0,0,0,-0.17666666666666667
SC,Santa Cruz Island,PP,Potato Pasture,2018,Inside,TRUE,1.3333,0.25,0.0417,0.0833,2.1667,0,0,1.875,0.25,0.5,0.25,0,0.5,2.2917,0,0.125,0.25,0,1.035,0,0,0.0785,7e-4,0,0,0.025,0.0056,7e-4,0,0.0021,0,0.0306,0,0,0.0028,7e-4,0,0,0,0,0.039999999999999994
SC,Santa Cruz Island,PP,Potato Pasture,2019,Inside,TRUE,0.2917,0.3333,0,0.0833,2.1667,1.3333,0,0,0.3333,0.75,0.1667,0,0.2083,0.75,0,0,1.315,7e-4,0.135,0,0.0028,0.0646,0,0,0,0.034,0.0132,0.0042,0,0.0014,0,0.0104,0,0,0.0021,0,0,0,0,0,0.75
SC,Santa Cruz Island,CVP,Cavern Point,2005,Inside,TRUE,0.5,0.2917,3.125,0.0417,0,0,0,0,0.125,1.125,0.2083,0,3.5,32.8333,0,0,0,0.025,0,0,0.0139,0.1743,0,0,0,7e-4,0.1389,0.009,0.0437,0.0014,0,7e-4,0,0,0.0243,0,0,0,0,0,0.04166666666666667
SC,Santa Cruz Island,CVP,Cavern Point,2006,Inside,TRUE,0.125,0.2917,0.5833,0,0,0,0,0,0.2917,1.3333,0.6667,0,4.7083,31.875,0,0,0,0.065,0,0,0.0028,0.1132,0,0,0,0,0.1111,0,0.0562,7e-4,7e-4,0.0021,0.0014,0,0.0194,0,0,0,0,0,0.11416666666666668
SC,Santa Cruz Island,CVP,Cavern Point,2007,Inside,TRUE,0.125,0.1667,0.4583,0.1667,0.0208,0,0,0.0833,0.0417,1.2083,0.2083,0,2.7083,28.1667,0,0.0833,0,0.06,0,0,0.0417,0.1264,0,0,0,7e-4,0.1146,0.0215,0.091,0.0014,0,0,0,0,0.0368,0,0,0,0,0,-0.5908333333333333
SC,Santa Cruz Island,CVP,Cavern Point,2008,Inside,TRUE,0.4583,0.125,1.0833,0.0417,0,0,0,0,0.0833,1.5,0.6667,0,2.0417,30.5833,0,0.0417,0,0.06,0,0,0.0111,0.0854,0,0,0,0,0.1292,7e-4,0.0896,0.0042,7e-4,7e-4,7e-4,0,0.0375,0,0,0,0,0,-0.7583333333333333
SC,Santa Cruz Island,CVP,Cavern Point,2009,Inside,TRUE,0.125,0.1667,2.375,0.0417,0.0208,0,0,0.7917,0,1.875,0.8333,0,1.9167,16.875,0,0,0,0.145,0,0,0.0167,0.0861,0,0,0,7e-4,0.1312,0,0.0694,0.0035,0,0.0014,0,0,0.0597,0,0,0,0,0,0.3125
SC,Santa Cruz Island,CVP,Cavern Point,2010,Inside,TRUE,0,0.1667,0.875,0,1.75,0,0,0,0.1667,1.4583,0.5417,0.0417,1.375,12.9583,0,0.0417,0.35,0.09,1.4325,0,0.0181,0.0569,0,0,0,0.0021,0.1097,0.0111,0.0201,0.0021,7e-4,0.0069,0,0,0.0486,0,0,0,0,0,-0.4616666666666666
SC,Santa Cruz Island,CVP,Cavern Point,2011,Inside,TRUE,0.0417,0,0.625,0.0833,1.6042,0.0208,0,0,0.0417,1.5833,0.5,0.0208,1.1667,17.5417,0,0,0.2525,0.1,5.605,0,0.0076,0.0806,0,0,0,0,0.1083,0.0056,0.0319,0.0021,0,0.0035,0,0,0.0701,0,0,0,0,0,-0.8391666666666666
SC,Santa Cruz Island,CVP,Cavern Point,2012,Inside,TRUE,0,0,1.2083,0.0417,0.8958,0,0,0,0.2083,1.4167,0.75,0,3.375,26.625,0,0,0.1875,0.12,0.985,0,0,0.0632,0,0,0,0.0042,0.0924,7e-4,0.0243,0.0021,0,0.0076,0,0,0.0708,0,0,0,0,0,-0.11416666666666667
SC,Santa Cruz Island,CVP,Cavern Point,2013,Inside,TRUE,0,0,0.5,0.0417,2.5625,0,0,0,0.125,0.5,0,0,4.25,18.9167,0,0.2917,0.31,0.15,5.5575,0.005,0,0.1479,0,0,0,0.0069,0.0951,0,0.009,0.0028,0,0.0118,0,0,0.0806,0,0,0,0,0,-0.29333333333333333
SC,Santa Cruz Island,CVP,Cavern Point,2014,Inside,TRUE,0.0417,0.125,0.6667,0,1.0625,0.0208,0,0,0.0833,1.5417,0.0417,0,4.25,10.9167,0,0.0417,0.305,0.0042,2.2875,7e-4,0,0.0715,0,0,0,0.0049,0.0771,0.0014,0.0063,0.0021,0,0.0083,0,0,0.1014,0,0,0,0,0,0.13999999999999999
SC,Santa Cruz Island,CVP,Cavern Point,2015,Inside,TRUE,0.0417,0.4167,0.25,0.0417,1.4167,0,0.0417,0.1667,0.0833,1.3333,0.0417,0,3.375,4.4167,0,0,0.18,0,3.81,0,0,0.1347,0,0,0,0.0076,0.0854,0,0,7e-4,7e-4,0.0104,0,0,0.0326,0,0,0,0,0,1.485
SC,Santa Cruz Island,CVP,Cavern Point,2016,Inside,TRUE,0.1667,0.9583,0,0.0833,2.4375,0.0833,0.0417,3.5833,0.0833,0.75,0,0,0.8333,0.6667,0,0,0.27,0,1.955,0,0.0021,0.0194,0,0,0,0.009,0.0528,7e-4,0,0.0021,7e-4,0.0076,0,0,0.0125,0,0,0,0,0,0.35666666666666663
SC,Santa Cruz Island,CVP,Cavern Point,2017,Inside,TRUE,0.2917,0.5833,0,0.0833,2.1875,0,0,1.625,0.2917,0.9167,0,0,0.9167,1.0833,0,0,0.19,0,3.355,0,0,0.0208,7e-4,0,0,0.0201,0.0347,0.1604,0,7e-4,0,0.0035,0,0,0.009,0,0,0,0,0,-0.17666666666666667
SC,Santa Cruz Island,CVP,Cavern Point,2018,Inside,TRUE,0.625,0.2917,0,0.125,0.1875,0.2917,0,1.4583,0.0417,1.0417,0.0417,0,0.5833,0.9583,0,0,0.195,0.0014,0.8175,0,0,0.0167,0,0,0,0.0611,0.0472,0.0431,0,7e-4,0,0.0028,0,0,7e-4,0,0,0,0,0,0.039999999999999994
SC,Santa Cruz Island,CVP,Cavern Point,2019,Inside,TRUE,0.625,0.1667,0,0,2.4375,0.3125,0,0.5417,0.2083,0.625,0.0417,0,0.7083,0.875,0,0,0.9,7e-4,0.2375,0,0.0014,0.0396,0.0014,0,0,0.0215,0.0444,0.0028,0,7e-4,0,0.0201,0,0,0.0021,0,0,0,0,0,0.75
SC,Santa Cruz Island,LS,Little Scorpion,2005,Outside,TRUE,0.25,0.0417,3.4167,0.125,0,0,0,0,0.0833,0.4583,0.4167,0,6.2917,12.0417,0,0,0,0.05,0,0,0.0146,0.1181,0,0,0,0.0167,0.0583,0,0.1097,0,0,7e-4,7e-4,0,0.0042,0,0,0,0,0,0.04166666666666667
SC,Santa Cruz Island,LS,Little Scorpion,2006,Outside,TRUE,0.0833,0.0833,3.0833,0.2083,0,0,0,0,0.0417,0.25,0.6667,0,4.625,10.625,0,0,0,0.11,0,0,0,0.0472,0,0,0,0.0292,0.066,0.1153,0.1139,0,0,0,0.0014,0,0.0063,0,0,0,0,0,0.11416666666666668
SC,Santa Cruz Island,LS,Little Scorpion,2007,Outside,TRUE,0.2083,0,3.75,0.0833,0,0,0,0.0833,0.125,0.4167,1.0417,0,5.875,10.8333,0,0.0833,0,0.09,0,0,0.0139,0.0292,0,0,0,0.0285,0.0653,0.0292,0.2438,0,0,7e-4,0,0,0.0083,0,0,0,0,0,-0.5908333333333333
SC,Santa Cruz Island,LS,Little Scorpion,2008,Outside,TRUE,0.0417,0.1667,0.9583,0.0417,0,0,0,0,0.125,0.5,1.7083,0,5.0417,10.8333,0,0.0833,0,0.145,0,0,0.0125,0.016,0,0,0,0.0139,0.0556,0.0535,0.2535,0,0,0.0028,0,0,0.0083,0,0,0,0,0,-0.7583333333333333
SC,Santa Cruz Island,LS,Little Scorpion,2009,Outside,TRUE,0.0417,0,3,0.125,0,0,0,1,0.125,0.2917,1.625,0,5.2917,9.4167,0,0.0833,0,0.1,0,0,0.0167,0.0222,0,0,0,0.0139,0.0542,0.0049,0.1854,7e-4,0,0.0014,0,0,0.0069,0,0,0,0,0,0.3125
SC,Santa Cruz Island,LS,Little Scorpion,2010,Outside,TRUE,0,0,2.0417,0,0,0,0,0.5417,0.375,0.3333,2.7083,0,4.7917,13.375,0,0.0833,0,0.31,0,0,0.0049,0.0097,0,0,0,0.0063,0.0646,0.1667,0.2403,0,0,7e-4,0,0,0.0208,0,0,0,0,0,-0.4616666666666666
SC,Santa Cruz Island,LS,Little Scorpion,2011,Outside,TRUE,0,0,4.0417,0.125,0,0,0,0,0.1667,0.3333,2.4167,0,9.6667,24.6667,0,0.125,0,0.17,0,0,0.0042,0.0146,0,0,0,0.0035,0.0514,0.7396,0.2139,0,0,0,0,0,0.0264,0,0,0,0,0,-0.8391666666666666
SC,Santa Cruz Island,LS,Little Scorpion,2012,Outside,TRUE,0,0,2.9167,0.4583,0.0208,0,0,0,0.2083,0.5,2.9583,0,15.1667,34.5417,0,0.1667,0,0.245,0,0.005,0,0.0076,0,0,7e-4,0.0014,0.0444,0.4646,0.2347,0,0,0,0,0,0.0229,0,0,0,0,0,-0.11416666666666667
SC,Santa Cruz Island,LS,Little Scorpion,2013,Outside,TRUE,0,0.0417,2.4167,0.2917,0,0,0,0.0833,0,0.2083,1.4167,0,14.5833,30.75,0,0.125,0,0.095,0,0.005,0.0014,0.0042,0,0,0,0.0021,0.05,0.0924,0.1139,7e-4,0,0,0,0,0.0194,0,0,0,0,0,-0.29333333333333333
SC,Santa Cruz Island,LS,Little Scorpion,2014,Outside,TRUE,0,0,1.1667,0.125,0,0,0.0417,0,0.0833,0.25,2.7083,0,16.75,23.2083,0,0,0,0,0,0,0.0014,0.0028,0,7e-4,0,0.0028,0.034,0.0694,0.066,7e-4,0,0,0,0,0.0111,0,0,0,0,0,0.13999999999999999
SC,Santa Cruz Island,LS,Little Scorpion,2015,Outside,TRUE,0,0.0417,1.2917,0.2917,0,0,0,0.5833,0.5,0,0.125,0,10.2917,14.3333,0,0.0833,0,0,0.0075,0,0.0333,0.0424,0,0,0,0.0347,0.05,0.0181,0.0868,0,0,0,0,0,0.0056,0,0,0,0,0,1.485
SC,Santa Cruz Island,LS,Little Scorpion,2016,Outside,TRUE,0.0417,0.5,0.2917,0.1667,0.2083,0,0,4.625,1.5833,0,0.1667,0,2.7917,5,0,0.0417,0,7e-4,0.3425,0,0.0083,0.0167,0,0,0,0.041,0.0437,7e-4,0.0778,7e-4,0,0.0014,0,0,0.0014,0,0,0,0,0,0.35666666666666663
SC,Santa Cruz Island,LS,Little Scorpion,2017,Outside,TRUE,0.125,0.2083,1.125,0.125,0,0,0.0417,3.1667,1.7917,0.125,0.875,0,3.1667,5.5833,0,0.25,0,0,2.245,0,0.0194,0.066,0,0,0,0.016,0.0458,2.4333,0.0979,7e-4,0,0.0028,0,0,0.0021,0,0,0,0,0,-0.17666666666666667
SC,Santa Cruz Island,LS,Little Scorpion,2018,Outside,TRUE,0.7917,0.125,0.2083,0,0,0,0,4.6667,3.75,0,0,0,3.75,8.0417,0,0.0833,0,0,0.7375,0,0.0118,0.0625,0,0,0,0.0486,0.0361,0.6896,0.0826,0,0,0.0049,0,0,0,0,0,0,0,0,0.039999999999999994
SC,Santa Cruz Island,LS,Little Scorpion,2019,Outside,TRUE,0.5417,0.25,0.0833,0.25,0,0.0417,0,3.4167,4.4167,0.1667,1.9167,0,4.1667,3.5,0,0,0,7e-4,6.8325,0,0.0562,0.0771,0,0,0,0.0757,0.0444,0.5764,0.0063,0,0,0.0014,0,0,7e-4,0,0,0,0,0,0.75
SC,Santa Cruz Island,PRF,Pedro Reef,2005,Outside,TRUE,0,0.25,2.0417,0.125,0,0,0,0,1.2917,0.125,0.25,0,5.875,47.9583,0,0,0,0.035,0,0,0.0153,0.0444,0,0,0,0.0514,0.1931,0.0528,0.0132,0.0028,0,0,0,0,0.0319,0,0,0,0,0,0.04166666666666667
SC,Santa Cruz Island,PRF,Pedro Reef,2006,Outside,TRUE,0,0.0833,1.75,0.4167,0,0,0,0.0417,1.5417,0.25,0.125,0,11.4167,60,0,0.0833,0,0.015,0,0,0.0201,0.0326,0,0,0,0.0167,0.1465,0.1181,0.0167,0.0021,0.0014,0,0,0,0.0326,0,0,0,0,0,0.11416666666666668
SC,Santa Cruz Island,PRF,Pedro Reef,2007,Outside,TRUE,0,0.0833,3.6667,0.0417,0,0,0,0,1,0.0833,0.125,0,7.4583,49.1667,0,0,0,0.045,0,0,0.0132,0.0222,0,0,0,0.0021,0.1396,0.4285,0.0326,0.0028,0,7e-4,0,0,0.0431,0,0,0,0,0,-0.5908333333333333
SC,Santa Cruz Island,PRF,Pedro Reef,2008,Outside,TRUE,0,0.1667,1.2083,0.875,0,0,0,0,0.6667,0.5,0.625,0,8.5417,59.25,0,0,0,0.05,0,0,0.0181,0.0056,0,0,0,0.0021,0.1431,0.3167,0.0285,0.0042,7e-4,0,7e-4,0,0.075,0,0,0,0,0,-0.7583333333333333
SC,Santa Cruz Island,PRF,Pedro Reef,2009,Outside,TRUE,0,0,2.6667,0.25,0,0,0,0.0417,0.0417,0.2917,0.625,0,11.4583,74.375,0,0,0,0.07,0,0,0.0361,0.0035,0,0,0,0.0021,0.1437,0.1229,0.041,0.0035,0.0014,0,0,0,0.05,0,0,0,0,0,0.3125
SC,Santa Cruz Island,PRF,Pedro Reef,2010,Outside,TRUE,0,0.125,1.625,0.2083,0,0,0,0,0.3333,0.0833,0.5417,0,12.5833,69.4583,0,0,0,0.11,0,0,0.0396,0.0083,0,0,0,0.0028,0.1368,0.3417,0.0403,0.0028,0,0,0.0021,0,0.0882,0,0,0,0,0,-0.4616666666666666
SC,Santa Cruz Island,PRF,Pedro Reef,2011,Outside,TRUE,0,0.0417,3.3333,0.25,0,0,0,0,0.7083,0.125,1.0833,0,24.2083,133.875,0,0,0.0025,0.14,0,0,0.0424,0.0174,0,0,0,0.0042,0.1431,0.6035,0.0361,0.0035,0,0,0,0,0.075,0,0,0,0,0,-0.8391666666666666
SC,Santa Cruz Island,PRF,Pedro Reef,2012,Outside,TRUE,0,0.0833,3,1.2917,0.125,0,0,0,0,0.1667,1.5,0,18.3333,104.4167,0,0,0,0.315,0,0,0.0139,0.0042,0,0,0.0014,0.0014,0.1174,0.4375,0.0187,0.0028,0,0,0.0014,0,0.0208,0,0,0,0,0,-0.11416666666666667
SC,Santa Cruz Island,PRF,Pedro Reef,2013,Outside,TRUE,0.0417,0.0833,6.75,0.375,0.0208,0,0,0,0.125,0.1667,0.2917,0,16.4167,96.1667,0,0,0,0.125,0,0.01,0.0097,0.0167,0,0,0,0.0035,0.1028,0.3222,0.0056,7e-4,0,0,0,0,0.0319,0,0,0,0,0,-0.29333333333333333
SC,Santa Cruz Island,PRF,Pedro Reef,2014,Outside,TRUE,0,0.0833,2.9167,0.1667,0.0208,0,0,0,0.6667,0,0.1667,0,12.0417,87.2917,0,0,0,7e-4,0,0,0.0431,0.0229,0,0,0,0.009,0.1021,0.0604,0.0042,0.0021,0,0,0,0,0.0236,0,0,0,0,0,0.13999999999999999
SC,Santa Cruz Island,PRF,Pedro Reef,2015,Outside,TRUE,0,2.1667,1.125,0.4167,0.0208,0,0,0,1.5417,0,0,0,4.7917,57.25,0,0,0,0.0028,0.03,0,0.1222,0.0299,0,0,0,0.0618,0.0958,0.1396,0.0035,0.0021,0,0,0,0,0.016,0,0,0,0,0,1.485
SC,Santa Cruz Island,PRF,Pedro Reef,2016,Outside,TRUE,0,2.5417,0.375,0.1667,0,0,0,2.125,2.625,0.0417,0.0417,0,4.0417,23.25,0,0,0.0025,0,71.965,0,0.0049,0.0056,0,0,0,0.2167,0.0722,0.0069,0.0035,0.0014,0,0,0,0,0.0021,0,0,0,0,0,0.35666666666666663
SC,Santa Cruz Island,PRF,Pedro Reef,2017,Outside,TRUE,0,0.5833,0.4167,0.3333,0,0,0,0.6667,2.875,0.0417,0.0833,0,7.3333,26.2917,0,0,0,0.0042,0.105,0,0.034,0.0229,0,0,0,0.0903,0.0382,2.916,0.0042,0.0028,0,0,0,0,0.0021,0,0,0,0,0,-0.17666666666666667
SC,Santa Cruz Island,PRF,Pedro Reef,2018,Outside,TRUE,0.0417,0.6667,0.125,0.1667,0,0,0,0.5,8.0417,0.0417,0.375,0,5,28.375,0,0,0,0.0014,0,7e-4,0.0153,0.0375,0,0,0,0.0708,0.0215,1.0465,0.0056,0.0035,0,0,0,0,0,0,0,0,0,0,0.039999999999999994
SC,Santa Cruz Island,PRF,Pedro Reef,2019,Outside,TRUE,0,0.4583,0.1667,0.1667,0,0,0,0.375,12.0417,0,0.0417,0,0.875,12.2917,0,0.0417,0,0,4.22,0,0.0125,0.0257,0,0,0,0.0722,0.0111,0.1104,7e-4,0.0049,0,0,0,0,0,0,0,0,0,0,0.75
AN,Anacapa Island,EFC,East Fish Camp,2005,Outside,TRUE,0.25,1.2917,2.875,0.2083,0,0,0,0,0.5833,0.2917,0.6667,0,17.9167,66.0833,0,0,0,0.025,0,0,0.0229,0.034,0,0,0,0.0181,0.0076,0.0896,0.0354,0.0035,0.0021,0,0,0,0.0069,0,0,0,0,0,0.04166666666666667
AN,Anacapa Island,EFC,East Fish Camp,2006,Outside,TRUE,0.2917,1,2.0417,0.3333,0,0,0,0,0.7083,0.125,0.9167,0,15.0833,75.1667,0,0.0417,0,0.01,0,0,0.0396,0.0229,0,0,0,0.0556,0.0069,0.1632,0.0708,0.0035,7e-4,0,0,0,0.0063,0,0,0,0,0,0.11416666666666668
AN,Anacapa Island,EFC,East Fish Camp,2007,Outside,TRUE,0.375,0.875,3.1667,0.2917,0,0,0,0,0.625,0.2917,1,0,12.3333,48.5417,0,0,0,0.01,0,0,0.0826,0.0215,0,0,0,0.0736,0.0083,0.3806,0.0972,0.0056,0.0014,0,0,0,0.0222,0,0,0,0,0,-0.5908333333333333
AN,Anacapa Island,EFC,East Fish Camp,2008,Outside,TRUE,0.0833,0.4583,1.0833,0.1667,0,0,0.0833,0,0.75,1.0833,0.5,0,11.7917,61.625,0,0.0417,0,0,0,0,0.0514,0.009,0,0,0,0.0035,0.0042,0.3236,0.1361,0.0069,0.0014,0,0,0,0.0167,0,0,0,0,0,-0.7583333333333333
AN,Anacapa Island,EFC,East Fish Camp,2009,Outside,TRUE,0.0833,0.7917,2.2917,0.2917,0,0,0,0,0.5417,0.4583,1.1667,0,14.8333,95.625,0,0.0417,0,0.015,0,0,0.0806,0.0278,0,0,0,0.1111,0.0049,0.2556,0.1319,0.0021,0.0014,0.0035,0,0,0.0097,0,0,0,0,0,0.3125
AN,Anacapa Island,EFC,East Fish Camp,2010,Outside,TRUE,0,0.875,1.8333,0.3333,0,0,0,0,0.375,0.3333,1.4583,0,16.7083,116.375,0,0,0,0.055,0,0,0.059,0.0083,0,0,0,0.0146,0.0035,0.166,0.0854,0.0021,0.0021,0,7e-4,0,0.0104,0,0,0,0,0,-0.4616666666666666
AN,Anacapa Island,EFC,East Fish Camp,2011,Outside,TRUE,0,0.7083,0.625,0.7083,0.1458,0,0,0,0.125,0.3333,1.2917,0,16.5,114.2083,0,0.125,0.0025,0.05,0,0,0.0785,0.0104,0,0,0,0.0049,0.0049,0.1007,0.1764,0.0042,0.0028,0,0.0021,0,0.0229,0,0,0,0,0,-0.8391666666666666
AN,Anacapa Island,EFC,East Fish Camp,2012,Outside,TRUE,0.0417,0.9583,5.2083,0.125,0.0833,0,0.0417,0,0.125,0.1667,0.875,0,9.8333,60.3333,0,0.0417,0,0.025,0,0,0.0896,0.0201,0,0,0,0.0056,0.0063,0.0528,0.0403,0.0056,0.0035,0,0.0028,0,0.0299,0,0,0,0,0,-0.11416666666666667
AN,Anacapa Island,EFC,East Fish Camp,2013,Outside,TRUE,0,0.7083,3.7083,0.2083,0.0417,0,0.0417,0,0,0.375,0.75,0,10.3333,67.9167,0,0.0833,0.005,0.065,0.0025,0,0.0125,0.0194,0,0,0,0.009,0.0035,0.0306,0.0118,0.0056,0.0021,0,7e-4,0,0.0299,0,0,0,0,0,-0.29333333333333333
AN,Anacapa Island,EFC,East Fish Camp,2014,Outside,TRUE,0,0.8333,1.4583,0.5,0,0,0,0,0.2917,0,0.0833,0,7.7917,59.7083,0,0.0417,0,0,1.095,0,0.05,0.0333,0,0,0,0.0597,0.0014,0.0201,0.0104,0.0014,0.0021,0,0,0,0.0132,0,0,0,0,0,0.13999999999999999
AN,Anacapa Island,EFC,East Fish Camp,2015,Outside,TRUE,0,3.4167,0.4583,0.4167,0.1667,0,0,0,0.4167,0.2083,0.2083,0,4.875,42.8333,0,0,0.0225,0,25.875,0,0.0646,0.0292,0,0,0,0.0361,0.0028,0.0292,0.0056,0.0028,0.0014,0,0,0,0.0104,0,0,0,0,0,1.485
AN,Anacapa Island,EFC,East Fish Camp,2016,Outside,TRUE,0.0833,2.75,0.1667,0.3333,0.0833,0,0,0,0.375,0.1667,0,0,4.5,24.5,0,0,0.055,0,7.0625,0,0.0361,0.0118,0,0,0,0.0889,0.0021,0.0222,0.0042,0.0028,7e-4,0,0,0,0.0049,0,0,0,0,0,0.35666666666666663
AN,Anacapa Island,EFC,East Fish Camp,2017,Outside,TRUE,0.2083,2.2083,0.0833,0.3333,0,0,0,0.0417,0.875,0.1667,0.0417,0,4.125,17.7083,0,0.0417,0,0,0,0,0.0118,0.0306,0,0,0,0.0215,7e-4,0.5299,0.0083,0.0035,7e-4,0,0,0,0.0049,0,0,0,0,0,-0.17666666666666667
AN,Anacapa Island,EFC,East Fish Camp,2018,Outside,TRUE,0.0833,1.25,0.0417,0.75,0,0,0,0,3.7083,0.2083,0,0,3.1667,20.2083,0,0.0833,0,7e-4,0.0025,0,0.0153,0.0278,0.0042,7e-4,0,0.0299,0.0014,0.3979,0.0243,0.0035,7e-4,0,0,0,7e-4,0,0,0,0,0,0.039999999999999994
AN,Anacapa Island,EFC,East Fish Camp,2019,Outside,TRUE,0.6667,1.5417,0.0833,0.5833,0,0,0,0,5.2083,0.0417,0.2083,0,1.5,14.5833,0,0,0,0,0.08,0,0.0035,0.0403,0,0,0,0.0722,0,0.416,0.0174,0.0049,0,7e-4,0,0,7e-4,0,0,0,0,0,0.75
AN,Anacapa Island,BSBR,Black Sea Bass Reef,2005,Inside,TRUE,1.2083,0.875,1.125,0.125,0,0,0,0,0.0833,0.2917,0.125,0,4.625,0.6667,0,0,0,0.025,0,0,0,0.0042,0,0,0,7e-4,0.0042,0.0021,0.0958,7e-4,0.0035,0.0049,0,0,0.0181,0,0,0,0,0,0.04166666666666667
AN,Anacapa Island,BSBR,Black Sea Bass Reef,2006,Inside,TRUE,1.2917,0.5,0.8333,0.2083,0,0,0,0,0.0833,0.5833,0.0417,0,5.8333,2.25,0,0.0833,0,0.015,0,0,0,0.0021,0,0,0,7e-4,0.0021,0,0.1167,0.0014,0.0028,0.0083,0,0,0.0104,0,0,0,0,0,0.11416666666666668
AN,Anacapa Island,BSBR,Black Sea Bass Reef,2007,Inside,TRUE,0.8333,0.1667,1,0.0417,0,0,0,0.2083,0.1667,1.0833,0.2083,0,1.9167,2.2083,0,0,0.0025,0.045,0,0,0,0.0028,0,0,0,0,0.0069,0,0.0819,7e-4,0.0014,0.0236,0,0,0.0035,0,0,0,0,0,-0.5908333333333333
AN,Anacapa Island,BSBR,Black Sea Bass Reef,2008,Inside,TRUE,0.625,0.5,0.75,0,0,0,0,0.2083,0.0833,0.75,0.125,0,2.375,5.9167,0,0,0.065,0.005,0,0,0,0.0028,0,0,0,7e-4,0.0021,0.0014,0.0681,0,7e-4,0.0049,0,0,0.0222,0,0,0,0,0,-0.7583333333333333
AN,Anacapa Island,BSBR,Black Sea Bass Reef,2009,Inside,TRUE,0.9167,0.5,1.5417,0.125,0,0.0208,0,0.5,0.0833,1.375,0.0417,0,3.125,31.75,0,0.0417,0.015,0.015,0,0,0,0.0049,0,0,0,0.0181,0.0049,0,0.0375,7e-4,0.0014,0.0403,0,0,0.0236,0,0,0,0,0,0.3125
AN,Anacapa Island,BSBR,Black Sea Bass Reef,2010,Inside,TRUE,0.25,1.0417,1.875,0.125,0,0,0,0.1667,0.0417,2,0.125,0,2.625,34.7917,0,0.0417,0.08,0.04,0,0,7e-4,0.0056,0,0,0,0.0083,0.0042,0,0.0076,7e-4,0.0014,0.0208,0,0,0.034,0,0,0,0,0,-0.4616666666666666
AN,Anacapa Island,BSBR,Black Sea Bass Reef,2011,Inside,TRUE,0.2083,0.4583,3.125,0.2083,0,0,0,0.0833,0,1.75,0.1667,0,2.0833,23.2917,0,0.125,0,0.025,0,0,0,0.0063,0,0,0,0,0.0028,0.0014,0.0056,7e-4,0.0014,0.0069,0,0,0.0472,0,0,0,0,0,-0.8391666666666666
AN,Anacapa Island,BSBR,Black Sea Bass Reef,2012,Inside,TRUE,0.0417,0.3333,2.5833,0,0.0625,0.0208,0,0,0.0417,1.4583,0.0417,0,0.2917,4.75,0,0.125,0.005,0.05,0.1175,0,0,0.0049,0,0,0,7e-4,0.0049,0,0.0021,0,0,0.0528,0,0,0.0174,0,0,0,0,0,-0.11416666666666667
AN,Anacapa Island,BSBR,Black Sea Bass Reef,2013,Inside,TRUE,0.125,0.4583,2.4583,0.0833,0,0.2917,0,0,0.0417,1,0.125,0,0.1667,0.5833,0,0.0417,0.0325,0.02,3.58,0,0,0.0028,0,0,0,0,0.0069,7e-4,7e-4,7e-4,0,0.0437,0,0,0.0347,0,0,0,0,0,-0.29333333333333333
AN,Anacapa Island,BSBR,Black Sea Bass Reef,2014,Inside,TRUE,0.1667,1.0833,1.5417,0.0417,0.0208,0.75,0,0.0417,0.0833,0.7083,0.0417,0,0.2083,0.25,0,0,0.055,0.0014,4.9875,0,0,0,0,0,0,0,0.0028,0,0,7e-4,0,0.0257,0,0,0.0396,0,0,0,0,0,0.13999999999999999
AN,Anacapa Island,BSBR,Black Sea Bass Reef,2015,Inside,TRUE,0.7083,1.8333,0.5,0.125,0.0625,0.7083,0,0.5417,0.1667,0.4583,0,0,0,0.0417,0,0.0417,0.055,0,32.19,0,0,0.0083,0,0,0,0.0014,0.0014,0.0021,0,0,0,0.1264,0,0,0.0361,0,0,0,0,0,1.485
AN,Anacapa Island,BSBR,Black Sea Bass Reef,2016,Inside,TRUE,1.375,3.2917,0.0833,0,0,0,0,1.25,0.125,0.2083,0,0,0.0833,0,0,0,0.01,0,42.865,0,0,0.0104,0,0,0,0.0104,0.0028,0,0,7e-4,0,0.0861,0,0,0.0243,0,0,0,0,0,0.35666666666666663
AN,Anacapa Island,BSBR,Black Sea Bass Reef,2017,Inside,TRUE,1.2917,2.7083,1.0417,0.0417,0.0417,0.375,0,1.4583,0.25,0.375,0,0,0.125,0.2917,0,0,0.08,0,20.3875,0,0,0.0056,0,0,0,7e-4,0.0076,0.1292,0,0.0014,0.0014,0.0625,0,0,0.0146,0,0,0,0,0,-0.17666666666666667
AN,Anacapa Island,BSBR,Black Sea Bass Reef,2018,Inside,TRUE,5.4167,1.2917,0.3333,0,0.0417,2.6458,0,2.25,1.25,0.4167,0,0,0.0417,0.0417,0,0.0833,0.11,7e-4,7.3825,0,0,0.0236,7e-4,0,0,0.0083,0.1014,0.0028,0,0.0118,7e-4,0.1326,0,0,0.0056,0,0,0,0,0,0.039999999999999994
AN,Anacapa Island,BSBR,Black Sea Bass Reef,2019,Inside,TRUE,1.1667,2.2917,0.25,0.0417,0,0.6042,0,1.0833,1.7083,0.4167,0,0,0.0833,0.25,0,0.125,0.0725,7e-4,4.3675,0,0.0021,0.0076,0,0,0,0.0035,0.1486,1.375,0,0.0514,0.0028,0.0153,0,0,0.0049,0,0,0,0,0,0.75
AN,Anacapa Island,LH,Lighthouse,2005,Outside,TRUE,0,0.375,0.4167,0.1667,0.0833,0.0208,0,0,1.4583,0.0833,0.3333,0,4.4167,13.25,0,0,0.215,0.02,0,0,0,0.0285,0,0,0,0.0437,0.0715,0,0.0479,0.1583,0.0153,0,0,0,0.0257,0,0,0,0,0,0.04166666666666667
AN,Anacapa Island,LH,Lighthouse,2006,Outside,TRUE,0,0.75,0.7917,0.0417,0,0,0,0,0.25,0.2917,0.4583,0,12.8333,55.75,0,0,0,0.01,0,0,0.0083,0.009,0,0,0,0.0035,0.059,7e-4,0.0375,0.1472,0.0125,0,0,0,0.0243,0,0,0,0,0,0.11416666666666668
AN,Anacapa Island,LH,Lighthouse,2007,Outside,TRUE,0.2083,0.4583,2.9583,0.0833,0,0,0.0833,0,0.1667,0.375,0.6667,0,9.625,34.625,0,0.0417,0,0.04,0,0,0.0042,0.0056,0,0,0,0.1222,0.0667,0.009,0.0222,0.1597,0.0236,0.0021,0,0,0.034,0,0,0,0,0,-0.5908333333333333
AN,Anacapa Island,LH,Lighthouse,2008,Outside,TRUE,0.25,0.2083,0.9167,0,0,0,0,0,0.0833,0.5,0.375,0,10.7917,33.4167,0,0,0,0.085,0,0,0.0049,0.0042,0,0,0,0.0111,0.0521,0.0382,0.0222,0.1646,0.0049,0,0,0,0.0292,0,0,0,0,0,-0.7583333333333333
AN,Anacapa Island,LH,Lighthouse,2009,Outside,TRUE,0.125,0.125,1.7083,0.0417,0,0,0,0,0.2083,0.6667,1.6667,0,7.2083,47.7917,0,0,0,0.09,0,0,0.0326,0.0035,0,0,0,0.0785,0.0479,0.0806,0.0319,0.1632,0.0063,0,0,0,0.0472,7e-4,0,0,0,0,0.3125
AN,Anacapa Island,LH,Lighthouse,2010,Outside,TRUE,0,0.5833,0.4167,0.2083,0,0,0,0,0,0.4583,0.875,0,5.0833,54.75,0,0,0,0.075,0,0,0.0243,0.0035,0,0,0,0.0021,0.0479,0.0299,0.0389,0.1389,0.0139,0,0,0,0.041,0,0,0,0,0,-0.4616666666666666
AN,Anacapa Island,LH,Lighthouse,2011,Outside,TRUE,0,0.2083,0.1667,0.5417,0.0208,0,0,0,0.5417,0.6667,2,0,7.9167,78.9167,0,0.0833,0,0.08,0,0,0.0243,0.0035,0,0,0,0,0.0403,0.0417,0.0368,0.1354,0.0083,0,0,0,0.0368,0,0,0,0,0,-0.8391666666666666
AN,Anacapa Island,LH,Lighthouse,2012,Outside,TRUE,0,0.375,2,0.125,0.0208,0,0,0,0.0833,0.3333,2.375,0,9.2917,81.5833,0,0,0,0.135,0,0.045,0.0174,0.0118,0,0,0,0,0.0437,0.0826,0.0222,0.1556,0.0021,7e-4,0.0021,0,0.0646,0,0,0,0,0,-0.11416666666666667
AN,Anacapa Island,LH,Lighthouse,2013,Outside,TRUE,0,0.7917,1.9167,0.2917,0,0,0,0,0,0.3333,1.0417,0,10.2917,91.9583,0,0.0417,0,0.1,0,0.035,0.0208,0.016,0,0,0,0,0.0319,0.0063,0.0049,0.1583,0.0042,0,0,0,0.0528,0,0,0,0,0,-0.29333333333333333
AN,Anacapa Island,LH,Lighthouse,2014,Outside,TRUE,0,0.2917,2,0.0833,0.0417,0,0,0,0.1667,0.0833,1.2917,0,5.4583,70.5,0,0.125,0.0025,0.0021,0,0,0.0444,0.0097,0,0,0,0.0028,0.0312,0.0174,0.0063,0.1375,0.0028,7e-4,0,0,0.0458,0,0,0,0,0,0.13999999999999999
AN,Anacapa Island,LH,Lighthouse,2015,Outside,TRUE,0,2.3333,0.875,0.2917,0,0,0,0,0.0833,0.125,0,0,1.8333,35.75,0,0,0,0.0014,0.34,0,0.0299,0.0236,0,0,0,0.0042,0.0243,0.0035,7e-4,0.1417,0.0028,0,0,0,0.0167,0,0,0,0,0,1.485
AN,Anacapa Island,LH,Lighthouse,2016,Outside,TRUE,0,2.2917,0.1667,0,0,0,0,0,0.25,0,0.0833,0,0.7083,7.9583,0,0,0,0,0.3625,0,0.0875,0.0174,0,0,0,0.0319,0.0181,0.0347,0,0.1542,0.0028,0,0,0,0.0146,0,0,0,0,0,0.35666666666666663
AN,Anacapa Island,LH,Lighthouse,2017,Outside,TRUE,0,1.4583,0.1667,0,0.0417,0,0,0,1.4167,0.0833,0.1667,0,0.4583,4.5833,0,0,0.0725,0,2.065,0,0.0208,0.0035,0,0,0,0.0104,0.0056,0.2257,0,0.1236,0.0028,7e-4,0,0,0.0049,0,0,0,0,0,-0.17666666666666667
AN,Anacapa Island,LH,Lighthouse,2018,Outside,TRUE,0.0417,0.75,0.0417,0,0.0417,0,0,0,1.6667,0,0.1667,0,1.3333,9.5833,0,0,0.025,0,2.58,0,0,0.0069,0,0,0,0.0097,0.0056,0.1035,0.0014,0.1417,0.0021,0.0014,0,0,0.0035,0,0,0,0,0,0.039999999999999994
AN,Anacapa Island,LH,Lighthouse,2019,Outside,TRUE,0.4583,0.5417,0,0,0,0,0,0,7.125,0.1667,0.0417,0,0.75,3.2917,0,0,0.26,0,8.94,0,0.0028,0.0069,0,0,0,0.0604,0.0076,0,0.0035,0.1368,0.0014,7e-4,0,0,0.0028,0,0,0,0,0,0.75
SB,Santa Barbara Island,WA,Webster's Arch,2005,Outside,TRUE,0.125,0.625,0.1667,1.0417,0,0,0,0,0.3333,0.4167,2,0,11.2917,68.625,0,0,0,0.115,0,0,0.0368,0.0049,0,0,0,0.0028,0.0028,0.0028,0.0201,0.0021,0,7e-4,7e-4,0,7e-4,0,0,0,0,0,0.04166666666666667
SB,Santa Barbara Island,WA,Webster's Arch,2006,Outside,TRUE,0.125,0.4583,0.1667,0.5417,0,0,0.0417,0,0.5,0.5833,1.5,0,10.5417,76.0417,0,0.3333,0,0.1,0,0,0.0521,0.0083,0,0,0,0.0028,0.0049,7e-4,0.0382,0.0014,7e-4,0.0021,7e-4,0,7e-4,0,0,0,0,0,0.11416666666666668
SB,Santa Barbara Island,WA,Webster's Arch,2007,Outside,TRUE,0,0.2917,0.0417,0.0833,0,0,0.0417,0,0.5,0.2917,1.4167,0,10.125,79.5417,0,0.0833,0,0.05,0,0,0.1312,0.0139,0,0,0,0.0014,0.0035,0.0028,0.075,0.0035,0,0.0028,0.0035,0,7e-4,0,0,0,0,0,-0.5908333333333333
SB,Santa Barbara Island,WA,Webster's Arch,2008,Outside,TRUE,0,0.25,0.0417,0.5417,0,0,0,0,1.1667,0.5417,2.2917,0,9.4167,83.9583,0,0.5833,0,0.065,0,0,0.0222,0.0056,0,0,0,0,0.0063,0.0014,0.0674,0.0035,7e-4,0,0.0014,0,0.0014,0,0,0,0,0,-0.7583333333333333
SB,Santa Barbara Island,WA,Webster's Arch,2009,Outside,TRUE,0.0417,0.0417,0.1667,0.7083,0,0,0.2083,0,0.8333,0.375,1.7083,0,8.9583,51.75,0,0.3333,0,0.135,0,0,0.0674,0.0063,0,0,0,0.0028,0.0035,0,0.0729,0.0042,7e-4,0,0.0014,0,0.0014,0,0,0,0,0,0.3125
SB,Santa Barbara Island,WA,Webster's Arch,2010,Outside,TRUE,0.0417,0.375,0,0.625,0.2083,0,0.0417,0,0.2083,0.125,2.125,0,7.4583,42.9583,0,0.4583,0,0.06,0,0,0.1618,0.0028,0,0,0,7e-4,0.0035,7e-4,0.0701,0.0021,0,0,0.0028,0,7e-4,0,0,0,0,0,-0.4616666666666666
SB,Santa Barbara Island,WA,Webster's Arch,2011,Outside,TRUE,0,0.3333,0.0833,0.625,0.0417,0,0.0417,0,0.2917,0.125,2.1667,0,7.0417,52,0,0.2917,0,0.15,0,0,0.0319,0.0049,0,0,0,0,0.0042,7e-4,0.0764,0.0021,0,7e-4,0.0083,0,0.0028,0,0,0,0,0,-0.8391666666666666
SB,Santa Barbara Island,WA,Webster's Arch,2012,Outside,TRUE,0,0,0,0.3333,0,0,0,0,0.25,0,2.75,0,4.6667,22.4167,0,0.25,0,0.105,0,0,0.025,0.0028,0,0,0,0,0.0042,0,0.034,0.0028,0.0021,0,0.0132,0,0.0035,0,0,0,0,0,-0.11416666666666667
SB,Santa Barbara Island,WA,Webster's Arch,2013,Outside,TRUE,0,0.125,0.0417,0.0417,0,0,1.25,0,3.2917,0,0.6667,0,4.7917,37.8333,0,0.5417,0,0.04,0,0,0.0431,0.0215,0,0,0,0,0.0014,0.0069,0.0528,0.0035,0,0,0.0014,7e-4,0.0056,0,0,0,0,0,-0.29333333333333333
SB,Santa Barbara Island,WA,Webster's Arch,2014,Outside,TRUE,0,0.0417,0.125,0.9583,0.125,0,2.25,0,0.7083,0,0.75,0,4.2083,14.625,0,1.25,0.0075,0,0,0,0.0139,0.0028,0,0,0,0,0.0014,0,0.0181,0.0042,0.0014,0,0,0.0014,0.0014,0,0,0,0,0,0.13999999999999999
SB,Santa Barbara Island,WA,Webster's Arch,2015,Outside,TRUE,0.0417,1.6667,0.0417,0.4583,0.3125,0,1.4167,0,1.25,0,0.1667,0.0417,4.4167,4.1667,0,0.6667,0.0925,0,0.0025,0,0.084,0.0938,0,0,0,0.0035,0.0014,0.0035,0.0069,0.0042,7e-4,0.0014,0,0,0.0049,0,0,0,0,0,1.485
SB,Santa Barbara Island,WA,Webster's Arch,2016,Outside,TRUE,0,1.8333,0,0.3333,0.4167,0,0.5,0,1.0417,0.0417,0.0417,0,4,12.7083,0,0.1667,1.3475,0,0.3275,0,0.0382,0.0361,0,0,0,0.0076,0.0021,0.0056,0.0049,0.0049,0,7e-4,0,0,0.0035,0,0,0,0,0,0.35666666666666663
SB,Santa Barbara Island,WA,Webster's Arch,2017,Outside,TRUE,0.1667,1.25,0,0.3333,0.2292,0,0.1667,0,1.75,0,0.125,0,4.6667,14.4583,0,0.1667,0.56,0,0.0025,0,0,0.0382,0,0,0,0.0326,0,0.0278,7e-4,0.0028,7e-4,0.009,0,0,0.0035,0.0014,0,0,0,0,-0.17666666666666667
SB,Santa Barbara Island,WA,Webster's Arch,2018,Outside,TRUE,0.0833,0.7917,0,0.25,1.0208,0,0,0,1.5,0,0.125,0,2.25,18.9167,0,0.0417,0.1725,7e-4,0.0075,0,0.0014,0.0576,0,0,0,0.0444,0.0042,0.0542,7e-4,0.0028,0,0.0021,0,0,7e-4,0,0,0,0,0,0.039999999999999994
SB,Santa Barbara Island,WA,Webster's Arch,2019,Outside,TRUE,0.4167,0.9583,0,0.9167,1.0833,0.0417,0,0,2.4583,0.0833,0.5833,0,3.2917,24.6667,0,0,0.28,0,0.055,0,0.0792,0.1201,0,0,0,0.0396,0.025,0.0542,0,0.0049,0,0.0049,0,0,0.0021,0,0,0,0,0,0.75
SB,Santa Barbara Island,GC,Graveyard Canyon,2005,Inside,TRUE,0.0833,0.0417,1.5833,0.0417,0,0,0,0,0.0417,0.0417,0.5833,0,6.0417,14.7083,0,0,0,0.02,0,0,0.0292,0,0,0,0,0,0.0257,0.0111,0.0056,0.0132,0,0,0.0021,0,0.0257,0,0,0,0,0,0.04166666666666667
SB,Santa Barbara Island,GC,Graveyard Canyon,2006,Inside,TRUE,0,0.0417,0.2917,0,0,0,0,0,0.0417,0.0417,0.4583,0,5.5417,13.2917,0,0,0,0.035,0,0,0.0285,7e-4,0,0,0,0.0021,0.0264,0.0111,0.0035,0.0222,0.0056,0,0,0,0.0236,0,0,0,0,0,0.11416666666666668
SB,Santa Barbara Island,GC,Graveyard Canyon,2007,Inside,TRUE,0,0.0417,0.3333,0.0417,0,0,0,0,0.0833,0.0833,0.0417,0,4.5417,14.6667,0,0,0,0.005,0,0,0.0785,0.0014,0,0,0,7e-4,0.0299,0.2125,0.0076,0.0125,0.0014,0,0,0,0.0382,0,0,0,0,0,-0.5908333333333333
SB,Santa Barbara Island,GC,Graveyard Canyon,2008,Inside,TRUE,0,0.0417,0.2917,0,0,0,0,0,0.0417,0.4583,0.25,0,5.1667,16.8333,0,0,0,0.015,0,0,0.0187,0.0021,0,0,0,0,0.0187,0.0757,0.0014,0.0111,7e-4,0,0,0,0.0424,0,0,0,0,0,-0.7583333333333333
SB,Santa Barbara Island,GC,Graveyard Canyon,2009,Inside,TRUE,0.0417,0.0417,1.2083,0.0417,0,0,0,0,0,0.0833,0.6667,0,2.1667,25.2917,0,0,0,0.02,0,0,0.0493,0.0042,0,0,0,0,0.0271,0.0326,0.0014,0.0146,0.0028,0,0,0,0.0569,0,0,0,0,0,0.3125
SB,Santa Barbara Island,GC,Graveyard Canyon,2010,Inside,TRUE,0,0.0833,0.2917,0,0.0208,0,0,0,0.0417,0.0833,0.2083,0,1.8333,28.8333,0,0,0.0425,0.005,0,0,0.0562,0,0,0,0,0,0.0194,0.009,7e-4,0.0139,0.0014,0,0,0,0.0465,0,0,0,0,0,-0.4616666666666666
SB,Santa Barbara Island,GC,Graveyard Canyon,2011,Inside,TRUE,0,0.0417,0.5,0,0,0,0,0,0,0.0833,0.5417,0,2.7917,53.875,0,0,0,0.025,0,0,0.0819,0.0014,0,0,0,0,0.0194,0,0,0.0132,0,0,0,0,0.0437,0,0,0,0,0,-0.8391666666666666
SB,Santa Barbara Island,GC,Graveyard Canyon,2012,Inside,TRUE,0,0,0.4167,0.1667,0,0,0,0,0,0.125,0.4583,0,1.2917,34.5833,0,0,0.0025,0.045,0,0,0.016,7e-4,0,0,0,0,0.016,0,0,0.0069,0,0,0,0,0.0319,0,0,0,0,0,-0.11416666666666667
SB,Santa Barbara Island,GC,Graveyard Canyon,2013,Inside,TRUE,0,0.0417,0.0417,0,0,0,0,0,0.0417,0.0417,0.3333,0,0.125,5.8333,0,0,0.03,0.005,0,0,0.0014,0.0042,0,0,0,0,0.0139,0,0,0.0076,0,7e-4,7e-4,0,0.0431,0,0,0,0,0,-0.29333333333333333
SB,Santa Barbara Island,GC,Graveyard Canyon,2014,Inside,TRUE,0,0.0417,0.2917,0,0,0.0208,0,0,0.0833,0.0417,0.0833,0,0.625,7.7083,0,0,0.51,0,0.155,0,0,0.0049,0,0,0,0,0.009,0,7e-4,0.0118,0,0,0,0,0.0771,0,0,0,0,0,0.13999999999999999
SB,Santa Barbara Island,GC,Graveyard Canyon,2015,Inside,TRUE,0,0.0833,0.1667,0.0833,0,0,0,0,0.2083,0.0833,0,0,0,2.0417,0,0,0.185,0,0.2775,0,7e-4,0.0069,0,0,0,0,0.0028,0,0,0.0104,0,0,0,0,0.0417,0,0,0,0,0,1.485
SB,Santa Barbara Island,GC,Graveyard Canyon,2016,Inside,TRUE,0,0.125,0,0.0417,0,0,0,0,0.25,0,0,0,0,0.125,0,0,0.0925,0,5.805,0,0.0153,0.0028,0,0,0,0,0,0.0083,0,0.0125,0,0.0035,0,0,0.0229,0,0,0,0,0,0.35666666666666663
SB,Santa Barbara Island,GC,Graveyard Canyon,2017,Inside,TRUE,0,0,0,0,0,0,0,0,0.0417,0,0,0.1042,0,0.0417,0,0,0.375,0,0.2825,0,0.0049,0.0049,0,0,0,0,0,0.0382,0,0.0104,0,0,0,0,0.0229,0,0,0,0,0,-0.17666666666666667
SB,Santa Barbara Island,GC,Graveyard Canyon,2018,Inside,TRUE,0,0.0833,0,0.4583,0.0208,0,0,0,0.5833,0,0,0,0,0.25,0,0,0.0925,0,0.045,0,0.0049,0.0042,0,0,0,0,0.0083,0.0326,0,0.0118,0,0.0021,0,0,0.0271,0,0,0,0,0,0.039999999999999994
SB,Santa Barbara Island,GC,Graveyard Canyon,2019,Inside,TRUE,0.0833,0.1667,0,0.125,0.0208,0.0833,0,0,0.9167,0.0417,0,0.0208,0,0.625,0,0,0.05,0,0.02,0,7e-4,0.0035,0,0,0,7e-4,0.0097,0,0,0.009,0,0,0,0,0.0194,0,0,0,0,0,0.75
SB,Santa Barbara Island,SER,Southeast Reef,2005,Inside,TRUE,0.2917,0.8333,0.0833,0.2083,0.2292,0.1458,0,0,0.0417,1.7917,0.0833,0,11.2917,12.9167,0,0,0.115,0.1,0,0,0.0021,0.0035,0,0,0,0,0.0056,0,0.0021,0.0042,7e-4,0.0014,7e-4,0,0.0028,0,0,0,0,0,0.04166666666666667
SB,Santa Barbara Island,SER,Southeast Reef,2006,Inside,TRUE,0.0833,0.5,0.0833,0.0833,0.0417,0.0208,0,0,0.125,1.4583,0.25,0.0417,15.5833,11.5833,0,0.25,0.115,0.115,0,0,0.0076,0.0028,0,0,0,0,0.0035,0,0.0028,0.0028,7e-4,0,0,0,7e-4,0,0,0,0,0,0.11416666666666668
SB,Santa Barbara Island,SER,Southeast Reef,2007,Inside,TRUE,0,0.25,0.0417,0.2083,0.1875,0,0,0,0.125,1.5417,0.0417,0,14.125,10.625,0,0.6667,0.1275,0.045,0,0,0.0611,0.0167,0,0,0,0,0.0083,0,0.0035,0.0049,0,0.0014,0,0,0.0014,7e-4,0,0,0,0,-0.5908333333333333
SB,Santa Barbara Island,SER,Southeast Reef,2008,Inside,TRUE,0.0417,0.125,0.1667,0.0417,0.125,0,0,0,0.4167,1.0833,0,0,8.3333,16.4583,0,0.0417,0.2475,0.035,0,0,0.0118,0.05,0,0,0,0,0.0049,0.0111,0.0014,0.0035,0.0021,0.0021,0,0,0.0021,0,0,0,0,0,-0.7583333333333333
SB,Santa Barbara Island,SER,Southeast Reef,2009,Inside,TRUE,0,0.1667,0.125,0,0.3125,0.0208,0,0,0.0417,0.7917,0,0,8.7917,4.4583,0,0,0.1875,0.06,0,0,0.0181,0.0153,0,0,0,0,0.0076,0,0.0076,0.0049,0,7e-4,0,0,0.0021,0,0,0,0,0,0.3125
SB,Santa Barbara Island,SER,Southeast Reef,2010,Inside,TRUE,0,0.7083,0.0417,0.0417,0.125,0,0,0,0.0833,1.2917,0,0,6.6667,2.5,0,0.0417,0.1925,0.09,0,0,0.0396,0.0035,0,0,0,0,0.0035,0.0063,0.0028,0.0049,0.0014,0.0028,0,0,0.0021,0,0,0,0,0,-0.4616666666666666
SB,Santa Barbara Island,SER,Southeast Reef,2011,Inside,TRUE,0.0833,0.375,0.1667,0.125,0.1667,0.0833,0,0,0.0833,0.9583,0,0,7.9167,9.0417,0,0.0833,0.57,0.075,0.005,0,0.0715,0.0222,0,0,0,0,0.0028,0,0.0076,0.0049,0,0.0056,0,0,0.0028,0,0,0,0,0,-0.8391666666666666
SB,Santa Barbara Island,SER,Southeast Reef,2012,Inside,TRUE,0,0.4583,0.375,0,0.3125,0.1458,0,0,0.125,1.0417,0.0833,0,7.3333,5.8333,0,0.0417,0.3,0.12,0,0,0,0.0201,7e-4,0,0,0,0.0035,0.0056,0.0035,0.0028,7e-4,0.0014,0,0,0.0042,0,0,0,0,0,-0.11416666666666667
SB,Santa Barbara Island,SER,Southeast Reef,2013,Inside,TRUE,0,0.25,0.3333,0.25,0.1458,0.0208,0,0,0.0417,0.2917,0,0,6.0417,3.6667,0,0.0833,0.0625,0.035,0,0,0,0.1042,0,0,0,0,0.0028,0,0.0042,0.0014,0,7e-4,0,0,0.0063,0,0,0,0,0,-0.29333333333333333
SB,Santa Barbara Island,SER,Southeast Reef,2014,Inside,TRUE,0,0.2083,0.3333,0.0833,0.2083,0.0417,0,0,0.0417,0.375,0,0,7.4583,3.125,0,0.25,0.3525,0.0056,0,0,0,0.1757,7e-4,0,0,0,0.0042,0,0.0056,0.0028,0,0.0049,0,0,0.0083,0,0,0,0,0,0.13999999999999999
SB,Santa Barbara Island,SER,Southeast Reef,2015,Inside,TRUE,0.2917,2.5,0.125,0.1667,0.7292,0.0208,0.0417,0.0417,0.3333,0.2083,0,0,3.6667,1.9583,0,0.9583,0.1425,7e-4,3.3225,0,0.0014,0.1125,0,0,0,0.0021,0.0028,0.0042,0.0021,0.0028,7e-4,0.0049,0,0,0.0028,0,0,0,0,0,1.485
SB,Santa Barbara Island,SER,Southeast Reef,2016,Inside,TRUE,0.4167,2.8333,0,0.0833,0.3958,0.0625,0,0.0833,1,0.4583,0,0,1.125,0.6667,0,0,0.13,0.0014,3.205,0,0.0014,0.0424,7e-4,0,0,0,0,0.0139,0,0.0028,0,0.0146,0,0,0.0028,0,0,0,0,0,0.35666666666666663
SB,Santa Barbara Island,SER,Southeast Reef,2017,Inside,TRUE,0.0833,1.7917,0,0,0.375,0.0208,0,0,0.4167,0.25,0,0,1.9583,1.5833,0,0,0.2925,0,1.57,0,0,0.0507,0,0,0,0.0111,0.0014,0.0014,7e-4,0.0021,0.0014,0.0174,0,0,0,0,0,0,0,0,-0.17666666666666667
SB,Santa Barbara Island,SER,Southeast Reef,2018,Inside,TRUE,0.5417,2.2917,0,0.0833,0.0833,0.4375,0,0,0.625,0.2917,0.0417,0,1.125,1.9583,0,0,0.2225,0.0014,0.405,0,0,0.0486,0,0,0,0.0083,7e-4,0.016,0,0.0028,7e-4,0.0215,0,0,7e-4,0,0,0,0,0,0.039999999999999994
SB,Santa Barbara Island,SER,Southeast Reef,2019,Inside,TRUE,0.4583,2.125,0,0.0833,0.1667,0.625,0,0,1.2083,0.1667,0,0,1.4167,2,0,0.0417,0.3,0,0.1625,0,0,0.0382,0,7e-4,0,0.0069,7e-4,0.0014,0,0.0042,7e-4,0.0215,0,0,7e-4,0,0,0,0,0,0.75
