SiteCode,SiteName,IslandCode,IslandName,SurveyYear,ReserveStatus,Crassedoma_giganteum,Haliotis_rufescens,Kelletia_kelletii,Lithopoma_gibberosa,Lytechinus_anamesus,Macrocystis_pyrifera,Megastraea_undosa,Megathura_crenulata,Patiria_miniata,Pisaster_giganteus,Pycnopodia_helianthoides,Strongylocentrotus_franciscanus,Strongylocentrotus_purpuratus,Tegula_regina,Tethya_aurantia,Mean_ONI_ANOM
AP,Arch Point,SB,Santa Barbara,2005,Outside,1.0384,0,0,0,0.0088,0,19.8772,0,21.4419,9.3235,0,1101.41,332.5297,0,0,0.04166666666666667
AP,Arch Point,SB,Santa Barbara,2006,Outside,1.7465,0,0,0.3644,0.0027,0,32.2389,0.0477,40.6676,19.6994,0,489.099,288.3179,11.877,0,0.11416666666666668
AP,Arch Point,SB,Santa Barbara,2007,Outside,2.2009,0,0,0,0.0314,0,3.2131,0,8.6876,5.2241,0,322.4717,201.5633,6.5719,0,-0.5908333333333333
AP,Arch Point,SB,Santa Barbara,2008,Outside,2.5597,0,0,0,0.0836,0,44.9968,1.7452,46.9037,18.1778,0,421.5874,237.7548,30.9622,0,-0.7583333333333333
AP,Arch Point,SB,Santa Barbara,2009,Outside,0.3391,0,0,0,0.5775,0,3.1693,0,37.452,13.0048,0,159.7474,233.6266,17.2007,0,0.3125
AP,Arch Point,SB,Santa Barbara,2010,Outside,0.2217,0,0,0,0.168,0,9.7603,0.2499,33.7543,23.7042,0,358.2148,282.4492,10.2158,0,-0.4616666666666666
AP,Arch Point,SB,Santa Barbara,2011,Outside,1.3975,0,0,0,0.3348,0,31.0851,0.5071,162.3583,20.5938,1.1707,257.3477,400.8603,9.905,2.6437,-0.8391666666666666
AP,Arch Point,SB,Santa Barbara,2012,Outside,2.3595,0,0,0,0.1426,0,33.8646,0.4489,293.9893,32.6399,0.6949,188.5284,253.66,6.9997,2.0726,-0.11416666666666667
AP,Arch Point,SB,Santa Barbara,2013,Outside,4.7149,0,0,0,0.1632,0,6.2835,0.3169,13.3294,14.0959,0,479.5408,272.529,11.6908,0,-0.29333333333333333
AP,Arch Point,SB,Santa Barbara,2014,Outside,1.3695,0,0,0,0.0047,0,2.6882,0.1785,14.2203,0.08,0,141.8038,519.0771,3.0832,0,0.13999999999999999
AP,Arch Point,SB,Santa Barbara,2015,Outside,1.9619,0,0,0,0.0499,0,36.7105,0,2.237,0,0,79.484,144.8698,19.2055,0,1.485
AP,Arch Point,SB,Santa Barbara,2016,Outside,1.1986,0,0,0,0.0398,96.4599,57.4853,0,0,0,0,39.8053,91.7115,0.9844,0,0.35666666666666663
AP,Arch Point,SB,Santa Barbara,2017,Outside,2.1066,0,0,0,0.0356,194.39,105.1473,0,0,0,0,8.2451,198.5288,0,0,-0.17666666666666667
AP,Arch Point,SB,Santa Barbara,2018,Outside,1.913,0,0,0,0.1816,72.6528,137.3305,0,0,0,0,65.5361,619.3226,0,0,0.039999999999999994
AP,Arch Point,SB,Santa Barbara,2019,Outside,2.8061,0,0,0,0.0015,1.9022,204.1547,0,2.709,0,0,151.209,620.4682,0,0,0.75
AR,Admiral's Reef,AN,Anacapa,2005,Outside,2.1064,0,0.2976,0,0,63.0412,0,0.4276,111.0051,10.5289,0,171.1436,55.3533,0,0.2666,0.04166666666666667
AR,Admiral's Reef,AN,Anacapa,2006,Outside,4.5198,0,3.3587,0,0,0,0,2.6707,106.5291,16.0363,0,577.9478,71.3206,1.8616,0.5602,0.11416666666666668
AR,Admiral's Reef,AN,Anacapa,2007,Outside,3.061,0,3.779,0,0,1.6914,0,2.5361,126.7313,4.6522,0,248.5796,89.1481,1.9707,4.1611,-0.5908333333333333
AR,Admiral's Reef,AN,Anacapa,2008,Outside,1.4441,0,0.1752,0,0.0165,0,0,3.9871,124.2784,11.3212,0,549.3339,62.7746,0,1.8598,-0.7583333333333333
AR,Admiral's Reef,AN,Anacapa,2009,Outside,5.0084,0,6.0692,0,0.3056,0,0,3.8684,188.5687,24.4248,0,370.1015,55.5183,2.1721,6.772,0.3125
AR,Admiral's Reef,AN,Anacapa,2010,Outside,1.9782,0,1.7599,0,0.1806,0,6.2024,5.3883,203.9151,14.3806,0,300.991,58.4513,0,2.6449,-0.4616666666666666
AR,Admiral's Reef,AN,Anacapa,2011,Outside,0.5245,0,0.0581,0,0.1796,0,0,20.0943,108.8338,22.9629,0,328.8986,63.8715,0,3.1137,-0.8391666666666666
AR,Admiral's Reef,AN,Anacapa,2012,Outside,2.2766,0,1.6246,0,0,0,0,20.7155,132.3872,19.5727,0,307.0664,36.9457,5.8622,1.3267,-0.11416666666666667
AR,Admiral's Reef,AN,Anacapa,2013,Outside,3.436,0,1.0395,0,0,0,0,9.8438,100.8267,9.5689,0,194.4115,2.4856,0,3.1694,-0.29333333333333333
AR,Admiral's Reef,AN,Anacapa,2014,Outside,2.5707,0,0.2064,0,0.0225,0,0,1.5459,97.0283,0.8544,0,142.3413,4.9996,6.1753,1.7362,0.13999999999999999
AR,Admiral's Reef,AN,Anacapa,2015,Outside,4.1509,0,0.5685,0,0,276.0546,0,0.2758,48.0158,0.063,0,87.9092,1.3735,1.9833,1.4869,1.485
AR,Admiral's Reef,AN,Anacapa,2016,Outside,2.6865,0,1.2484,0,0.013,126.747,2.2275,0.2536,7.0517,0,0,177.9491,1.6179,0,2.3345,0.35666666666666663
AR,Admiral's Reef,AN,Anacapa,2017,Outside,9.023,0,5.1639,0,0.0621,325.5468,40.4792,3.3693,10.2816,0,0,157.4593,12.1625,0,1.5559,-0.17666666666666667
AR,Admiral's Reef,AN,Anacapa,2018,Outside,13.5888,0,4.6921,0,0.022,61.3528,41.3999,3.4161,15.9688,0,0,188.0074,181.6774,0,0.169,0.039999999999999994
AR,Admiral's Reef,AN,Anacapa,2019,Outside,7.9403,0,6.2259,0,0.001,287.4136,90.0389,0.8362,11.5143,0,0,288.0483,202.429,0,0.0862,0.75
BSBR,Black Sea Bass Reef,AN,Anacapa,2005,Inside,18.3575,0,2.0416,0,0.0892,0,101.6765,9.1363,8.0439,6.7016,0,179.9267,3.7581,0,0.6298,0.04166666666666667
BSBR,Black Sea Bass Reef,AN,Anacapa,2006,Inside,0.9408,0,0.1186,0,0,0,2.8162,10.4522,2.4125,3.5402,0,174.8194,16.1113,3.0206,0.7874,0.11416666666666668
BSBR,Black Sea Bass Reef,AN,Anacapa,2007,Inside,0.7696,0,0,0,0,0.4239,19.784300000000002,9.6837,14.3635,13.0326,0,41.9971,7.8332,0,0.3702,-0.5908333333333333
BSBR,Black Sea Bass Reef,AN,Anacapa,2008,Inside,0.7988,0,0.1429,0,0.19,11.3295,11.3426,11.19,11.4089,1.4374,0,112.7407,17.5457,0,2.7963,-0.7583333333333333
BSBR,Black Sea Bass Reef,AN,Anacapa,2009,Inside,2.5847,0,4.3296,0,0,7.2604,12.1144,5.3485,5.9547,4.5659,0,98.9845,154.233,1.5613,0.988,0.3125
BSBR,Black Sea Bass Reef,AN,Anacapa,2010,Inside,1.7944,0,1.8128,0,0,34.3658,5.0765,0.9562,15.9787,12.2193,0,96.9254,245.718,1.6051,3.4286,-0.4616666666666666
BSBR,Black Sea Bass Reef,AN,Anacapa,2011,Inside,3.3005,0,0,0,0.1796,0,0,0.9224,24.7748,8.1605,0,63.5614,199.2038,5.0541,4.0083,-0.8391666666666666
BSBR,Black Sea Bass Reef,AN,Anacapa,2012,Inside,1.7949,0,0.4155,0,0,0.4239,13.5419,0.0254,4.6596,13.2239,0,34.422,53.3768,4.9577,1.7375,-0.11416666666666667
BSBR,Black Sea Bass Reef,AN,Anacapa,2013,Inside,1.1781,0,0,0,3e-4,5.5103,11.9796,0.0187,18.4038,7.1429,0,23.273,12.704,1.413,1.6701,-0.29333333333333333
BSBR,Black Sea Bass Reef,AN,Anacapa,2014,Inside,0,0,0,0,0,49.5721,34.8983,0,5.6667,0.2439,0,45.9569,8.6412,0,3.826,0.13999999999999999
BSBR,Black Sea Bass Reef,AN,Anacapa,2015,Inside,1.8682,0,0.3341,0,0.001,37.7502,56.5976,0,0,0,0,0,1.4501,1.5849,2.8929,1.485
BSBR,Black Sea Bass Reef,AN,Anacapa,2016,Inside,1.0219,0,2.2371,0,0,3.8446,42.5826,0,0,0,0,7.6527,0,0,0.724,0.35666666666666663
BSBR,Black Sea Bass Reef,AN,Anacapa,2017,Inside,0.5795,0,0.0493,0,0.0709,21.5717,35.4932,0,0,0,0,6.9534,2.4499,0,0.8889,-0.17666666666666667
BSBR,Black Sea Bass Reef,AN,Anacapa,2018,Inside,1.9192,0,1.3872,0,9e-4,144.0205,154.9454,0,0,0.2007,0,4.5673,0.6283,1.9073,0.4025,0.039999999999999994
BSBR,Black Sea Bass Reef,AN,Anacapa,2019,Inside,0.9368,0,0.643,0,0.3749,48.5887,154.2316,0,0,0.3134,0,14.5247,5.6235,3.5007,0.1707,0.75
CAT,Cat Canyon,SB,Santa Barbara,2005,Outside,0.8879,0,0,0,0,0,36.1394,0.1195,12.2976,15.1754,0.098,590.0939,326.7143,0,0.0383,0.04166666666666667
CAT,Cat Canyon,SB,Santa Barbara,2006,Outside,3.2245,0,0,0,0,0,11.2394,0.2616,16.085,6.2198,0,325.4732,204.2285,15.0352,0,0.11416666666666668
CAT,Cat Canyon,SB,Santa Barbara,2007,Outside,1.8496,0,0,0,0.0131,0,20.2879,0.0592,2.8664,6.6099,0,154.5838,236.7193,0,0,-0.5908333333333333
CAT,Cat Canyon,SB,Santa Barbara,2008,Outside,1.5596,0,0,0,0.0927,0,45.6221,0,8.8467,7.4663,1.7889,169.7765,125.6928,14.7062,2.3297,-0.7583333333333333
CAT,Cat Canyon,SB,Santa Barbara,2009,Outside,2.1048,0,0,0,0.1366,0,96.8601,2.0796,15.8137,8.8208,0,124.3557,197.9474,6.6874,0,0.3125
CAT,Cat Canyon,SB,Santa Barbara,2010,Outside,0.457,0,0.0265,0,0,64.2393,69.4199,0,15.2796,5.7728,0,141.7347,128.1589,14.4654,0,-0.4616666666666666
CAT,Cat Canyon,SB,Santa Barbara,2011,Outside,1.5159,0,0,0,0.0031,0,65.8965,0.2866,10.2908,17.9357,0,356.7449,462.4818,15.9799,0.1084,-0.8391666666666666
CAT,Cat Canyon,SB,Santa Barbara,2012,Outside,3.177,0,0,0,0,0,21.5018,0.3254,3.7703,14.5008,0,113.2326,283.824,2.7867,0.0648,-0.11416666666666667
CAT,Cat Canyon,SB,Santa Barbara,2013,Outside,1.4068,0,0,0,0,41.9588,22.9978,1.644,0,5.0308,0,42.5963,350.7515,4.5112,0.0346,-0.29333333333333333
CAT,Cat Canyon,SB,Santa Barbara,2014,Outside,2.5523,0,0.0045,0.6189,0,46.5467,69.4518,0.2103,1.1072,0,0,88.6067,670.1538,13.6434,0.0607,0.13999999999999999
CAT,Cat Canyon,SB,Santa Barbara,2015,Outside,1.8427,0,0.0097,0.9981,0,3.5647,154.4348,0.0168,0,0,0,161.0731,356.4465,2.5565,0,1.485
CAT,Cat Canyon,SB,Santa Barbara,2016,Outside,0.0891,0,0.0683,0,0.0011,2.5432,125.3978,0,0,0,0,93.9641,10.8535,1.1163,0,0.35666666666666663
CAT,Cat Canyon,SB,Santa Barbara,2017,Outside,0.993,0,0,0,9e-4,522.7966,294.8474,0,0,0.0521,0,134.9122,11.59,0.807,0,-0.17666666666666667
CAT,Cat Canyon,SB,Santa Barbara,2018,Outside,1.2969,0,0,0,0,269.5067,436.832,0,0,0,0,151.4844,43.3512,0.1991,0,0.039999999999999994
CAT,Cat Canyon,SB,Santa Barbara,2019,Outside,0.5683,0,0.291,0,0,14.0092,93.5532,0,0.2719,0,0,203.0334,42.4301,0,0,0.75
CC,Cathedral Cove,AN,Anacapa,2005,Inside,18.3575,0,0,0,0,437.5321,186.8649,3.7831,46.0024,0,0,1348.3538,19.7117,0,0.5291,0.04166666666666667
CC,Cathedral Cove,AN,Anacapa,2006,Inside,1.9736,0,0.0094,0,0,159.5488,347.814,1.1622,0,0,0,1429.1855,23.8519,0,0.0352,0.11416666666666668
CC,Cathedral Cove,AN,Anacapa,2007,Inside,5.9559,0,0.1507,0,0,153.4974,394.6125,0.9926,0,0,0,909.6753,30.9315,0,0.0437,-0.5908333333333333
CC,Cathedral Cove,AN,Anacapa,2008,Inside,2.6497,0,0,0,0,288.4826,226.7008,1.6851,0,0,0,1078.72,25.6729,0,0.1082,-0.7583333333333333
CC,Cathedral Cove,AN,Anacapa,2009,Inside,2.7717,0,0,0,0,213.6071,73.0019,0.0657,0,0,0,637.7492,20.298,0,2.6218,0.3125
CC,Cathedral Cove,AN,Anacapa,2010,Inside,1.2933,0,1.4781,0,0,277.16,30.6234,0,0,11.7674,0,1104.1841,45.45,0,2.1891,-0.4616666666666666
CC,Cathedral Cove,AN,Anacapa,2011,Inside,1.8974,0,0,0,0,326.0844,15.8477,0,0,13.9973,0,1485.9961,82.2561,0,2.9024,-0.8391666666666666
CC,Cathedral Cove,AN,Anacapa,2012,Inside,2.8694,0,0,0,0,228.6435,95.0795,0.8222,0,2.484,0,1282.6515,48.8507,0,0.2619,-0.11416666666666667
CC,Cathedral Cove,AN,Anacapa,2013,Inside,2.5326,0,0,0,0.0178,198.2396,68.069,0.0354,0,0,0,998.7951,78.3393,0,0.2584,-0.29333333333333333
CC,Cathedral Cove,AN,Anacapa,2014,Inside,2.8271,0,0,0,0,290.0491,11.6662,0.5314,0,0.1472,0,1100.0699,45.9179,0,0.3112,0.13999999999999999
CC,Cathedral Cove,AN,Anacapa,2015,Inside,2.2394,0,0,0,0,182.0719,49.6641,0,0,0,0,470.0724,13.8395,0,0,1.485
CC,Cathedral Cove,AN,Anacapa,2016,Inside,1.2836,0,0.0545,0,0,248.025,25.5832,0,0,0,0,53.8691,0,0,0,0.35666666666666663
CC,Cathedral Cove,AN,Anacapa,2017,Inside,1.4037,0,0.1813,0,0,414.0624,38.1424,0,0,0.3327,0,6.1615,1.2363,0,0,-0.17666666666666667
CC,Cathedral Cove,AN,Anacapa,2018,Inside,1.9128,0,0.2375,0,5e-4,260.7428,58.6184,0,0,0.0912,0,61.3118,0.8366,0,0.0191,0.039999999999999994
CC,Cathedral Cove,AN,Anacapa,2019,Inside,2.1204,0,0.065,0,0.0011,120.6302,60.5436,0,0,0.1767,0,29.5479,1.6726,0,0,0.75
CP,Cluster Point,SR,Santa Rosa,2005,Outside,1.4438,0.1253,1.8847,0,0,132.4506,0,3.3143,110.082,13.0991,15.4445,122.9422,10.2775,0,26.3312,0.04166666666666667
CP,Cluster Point,SR,Santa Rosa,2006,Outside,2.1165,0.1226,0.7982,0,0,221.466,0,2.1798,85.8082,11.2898,23.3398,223.5264,7.2027,0,22.4635,0.11416666666666668
CP,Cluster Point,SR,Santa Rosa,2007,Outside,1.7998,0.1371,1.0971,0,0,84.0951,0,2.5411,123.4116,8.9556,24.197,687.2359,28.5158,0,25.029,-0.5908333333333333
CP,Cluster Point,SR,Santa Rosa,2008,Outside,1.8399,0.7089,1.0588,0,0,217.6311,0,2.4488,119.84,30.4608,2.9587,672.5813,67.9196,0,27.7182,-0.7583333333333333
CP,Cluster Point,SR,Santa Rosa,2009,Outside,0.6919,2.2748,1.3016,0,0,209.9215,0,3.1357,225.3406,13.2517,13.4337,850.7898,228.5916,0,34.8977,0.3125
CP,Cluster Point,SR,Santa Rosa,2010,Outside,3.7154,0.5578,3.1394,0,0,91.3301,0,1.5707,109.7875,12.3848,13.1534,694.0133,194.9029,0,29.1177,-0.4616666666666666
CP,Cluster Point,SR,Santa Rosa,2011,Outside,2.4533,0,1.1958,0,0,38.068,0,3.1791,258.603,10.8803,17.5819,1126.287,263.5034,0,31.8746,-0.8391666666666666
CP,Cluster Point,SR,Santa Rosa,2012,Outside,2.0725,0.4536,0.5671,0,0,36.6109,0,4.2106,89.8743,8.8202,32.3827,587.2884,69.6656,0,35.1174,-0.11416666666666667
CP,Cluster Point,SR,Santa Rosa,2013,Outside,2.8112,0.251,2.326,0,0,58.4105,0,3.4342,201.0978,10.0334,27.8026,725.7478,228.3507,0,28.5274,-0.29333333333333333
CP,Cluster Point,SR,Santa Rosa,2014,Outside,2.4068,0,1.2282,0.903,0,48.2166,0,3.3409,187.1838,0.1268,0,692.8271,224.3704,0,30.5902,0.13999999999999999
CP,Cluster Point,SR,Santa Rosa,2015,Outside,13.5091,1.2091,1.8982,0,0.0023,38.3958,0,4.3515,59.8265,0.2536,0,919.8747,299.0701,0,21.147,1.485
CP,Cluster Point,SR,Santa Rosa,2016,Outside,11.7663,0.0382,1.5201,0,0.0017,0.937,29.3797,4.9103,35.7885,0.099,0,861.3252,481.0437,0,11.8977,0.35666666666666663
CP,Cluster Point,SR,Santa Rosa,2017,Outside,19.1564,0.2534,1.7342,1.4997,0.0128,0,1.2921,3.7393,45.8248,0.2503,0,392.1466,386.7293,0,14.2908,-0.17666666666666667
CP,Cluster Point,SR,Santa Rosa,2018,Outside,17.8352,0.6533,1.2083,0,0.0272,0,5.442,3.4035,63.8469,0,0,379.152,421.0699,0,9.0139,0.039999999999999994
CP,Cluster Point,SR,Santa Rosa,2019,Outside,55.3002,0.05,2.1573,2.6928,0.0643,1.3147,12.8573,1.8955,106.7051,0.1137,0,268.3588,260.8686,0,2.088,0.75
CSAW,Chickasaw,SR,Santa Rosa,2005,Inside,1.0949,12.0167,0,0,0,95.9769,0,0.9364,84.8,16.1167,65.5304,103.1061,0,0,17.7415,0.04166666666666667
CSAW,Chickasaw,SR,Santa Rosa,2006,Inside,2.1937,10.9064,0,0,0,121.0396,0,1.1241,82.788,22.2507,11.2458,157.7529,1.0404,0,11.2404,0.11416666666666668
CSAW,Chickasaw,SR,Santa Rosa,2007,Inside,0.8987,8.5129,0,0,0,309.0594,0,0.2864,132.3688,29.7669,2.2287,439.5602,2.9713,0,10.5106,-0.5908333333333333
CSAW,Chickasaw,SR,Santa Rosa,2008,Inside,0.471,14.0579,0,0,0,288.2293,0,0.4792,157.3382,15.1115,15.6124,356.5736,15.5209,0,11.2413,-0.7583333333333333
CSAW,Chickasaw,SR,Santa Rosa,2009,Inside,0.9694,10.6995,0,0,0,260.7433,0,0.8148,178.1461,11.6033,0.5103,769.7986,40.3606,0,8.7205,0.3125
CSAW,Chickasaw,SR,Santa Rosa,2010,Inside,1.3866,6.7541,0,0,0,247.1567,0,0.6364,131.8142,19.4574,5.7306,632.893,37.1275,0,13.4056,-0.4616666666666666
CSAW,Chickasaw,SR,Santa Rosa,2011,Inside,1.497,9.2506,0,0,0,110.0043,0,1.7538,106.4786,16.2664,9.6747,986.0404,43.367,0,11.798,-0.8391666666666666
CSAW,Chickasaw,SR,Santa Rosa,2012,Inside,0.356,7.3337,0,0,0,168.3969,0,0.7849,143.7322,7.5157,3.5348,1320.5216,131.9401,0,9.0209,-0.11416666666666667
CSAW,Chickasaw,SR,Santa Rosa,2013,Inside,0.8352,10.6389,0,0,0,163.4073,0,1.6193,123.712,23.226,9.3211,1788.8903,37.8669,0,11.021,-0.29333333333333333
CSAW,Chickasaw,SR,Santa Rosa,2014,Inside,4.1572,17.7928,0,0,0,297.8172,0,0.9248,136.4354,0,0,1343.8528,69.9185,0,8.8113,0.13999999999999999
CSAW,Chickasaw,SR,Santa Rosa,2015,Inside,6.0777,17.1848,0,0,0,159.2968,0,0.8814,77.6418,0.1012,0,1947.3056,197.7507,0,4.2509,1.485
CSAW,Chickasaw,SR,Santa Rosa,2016,Inside,12.3864,18.0321,0,0,0,62.5627,0,0.8632,34.8733,0.2328,0,1814.9428,230.618,0,8.1163,0.35666666666666663
CSAW,Chickasaw,SR,Santa Rosa,2017,Inside,11.1309,10.7342,0.0017,0,0,114.6414,35.5556,2.093,45.0078,0.7516,0,1085.1644,391.7299,0,6.819,-0.17666666666666667
CSAW,Chickasaw,SR,Santa Rosa,2018,Inside,14.5245,13.2275,0,1.4236,0,108.5037,26.4303,3.0721,34.5619,0.3466,0,1268.3978,411.4905,0,5.5945,0.039999999999999994
CSAW,Chickasaw,SR,Santa Rosa,2019,Inside,26.3078,16.2667,0,0,0,148.6856,27.7247,2.0862,70.9638,0.2856,0,2730.8005,533.8424,0,6.9844,0.75
CVP,Cavern Point,SC,Santa Cruz,2005,Inside,41.4269,0,1.5498,0,0.0101,0,7.682,5.2576,17.6425,4.7891,0,103.1578,198.6189,0,1.4629,0.04166666666666667
CVP,Cavern Point,SC,Santa Cruz,2006,Inside,33.6121,0,0,0,0,0,9.6188,6.2023,66.281,16.9297,3.8997,189.9868,213.8095,0,1.2059,0.11416666666666668
CVP,Cavern Point,SC,Santa Cruz,2007,Inside,34.4608,0,0.1442,0,0.0248,0,2.7618,12.6055,18.5567,13.6343,0,139.0297,268.2869,3.9695,1.9228,-0.5908333333333333
CVP,Cavern Point,SC,Santa Cruz,2008,Inside,21.6449,0,0,0,0.0011,0,7.4328,10.6039,51.0745,17.4375,2.5865,103.3261,284.339,2.1305,1.927,-0.7583333333333333
CVP,Cavern Point,SC,Santa Cruz,2009,Inside,28.1074,0,0.6327,0,0,0,0,8.4781,69.4143,33.7963,0,96.0514,229.4445,0,2.8928,0.3125
CVP,Cavern Point,SC,Santa Cruz,2010,Inside,18.8569,0,0.3304,0,0.5134,75.3927,18.2709,3.3845,56.325,21.1012,0,105.6926,223.6119,1.9329,3.3873,-0.4616666666666666
CVP,Cavern Point,SC,Santa Cruz,2011,Inside,33.9956,0,0,0,0.0037,221.1878,6.1475,4.6847,34.7216,21.7872,0,124.0717,363.622,0,4.6602,-0.8391666666666666
CVP,Cavern Point,SC,Santa Cruz,2012,Inside,26.5934,0,0.6509,0,9e-4,248.8858,15.0244,3.6082,74.3692,29.1829,0,215.9287,578.5798,0,4.4557,-0.11416666666666667
CVP,Cavern Point,SC,Santa Cruz,2013,Inside,38.2362,0,0.6855,0,0,163.9855,18.6715,1.6933,0,31.4379,0,460.2184,486.3106,10.4538,2.7922,-0.29333333333333333
CVP,Cavern Point,SC,Santa Cruz,2014,Inside,24.8339,0,0.4926,0,0.0027,246.1479,18.0852,1.3152,1.8151,0.6406,0,536.6598,342.0308,1.4562,3.8405,0.13999999999999999
CVP,Cavern Point,SC,Santa Cruz,2015,Inside,29.5009,0,0.3993,0.9696,0,227.5528,6.6559,0,1.0986,0,0,539.8748,126.6472,0,1.7324,1.485
CVP,Cavern Point,SC,Santa Cruz,2016,Inside,2.0567,0,0.4227,0,1e-4,76.296,13.5239,0,0,0,0,143.7454,21.7572,0,0.6957,0.35666666666666663
CVP,Cavern Point,SC,Santa Cruz,2017,Inside,3.4332,0,0.2785,0,0.0547,212.7856,33.2571,0,0,0,0,163.6905,39.0247,0,0.5867,-0.17666666666666667
CVP,Cavern Point,SC,Santa Cruz,2018,Inside,1.1951,0,0.7935,0,0.005,208.8391,2.5759,0,1.2724,0.1412,0,84.0296,25.1824,0,0.0844,0.039999999999999994
CVP,Cavern Point,SC,Santa Cruz,2019,Inside,3.3954,0,0.5317,0,4e-4,209.814,60.9736,0,0.725,0.0505,0,116.0946,20.1494,0,0.0961,0.75
DPM,Devil's Peak Member,SC,Santa Cruz,2005,Outside,11.1457,0,0,0,0.0317,0,13.5658,9.1642,46.8459,18.497,8.1476,58.0879,196.8169,0,0.5775,0.04166666666666667
DPM,Devil's Peak Member,SC,Santa Cruz,2006,Outside,4.901,0,1.5638,0,0.0097,0,0,8.8132,83.3204,10.986,11.1272,70.1368,190.9837,1.7569,0.2502,0.11416666666666668
DPM,Devil's Peak Member,SC,Santa Cruz,2007,Outside,10.3085,0,0.3113,0,0.0388,0,27.0256,22.98,30.7193,17.8451,8.7508,90.9324,253.2804,0,0.2721,-0.5908333333333333
DPM,Devil's Peak Member,SC,Santa Cruz,2008,Outside,13.0419,0,0,0,0.5417,0,18.0913,29.5274,26.5181,19.2727,2.2669,150.285,333.1889,2.1166,1.4953,-0.7583333333333333
DPM,Devil's Peak Member,SC,Santa Cruz,2009,Outside,5.9454,0,0,0,6e-4,0,14.4223,31.2391,57.8574,38.8923,6.0115,183.7115,254.2631,1.9938,1.4811,0.3125
DPM,Devil's Peak Member,SC,Santa Cruz,2010,Outside,4.8071,0,0,0,0.0023,0,0,39.0636,34.3248,59.488,1.8319,110.6651,143.313,2.0939,2.6515,-0.4616666666666666
DPM,Devil's Peak Member,SC,Santa Cruz,2011,Outside,5.6097,0,0,0,1.424,0,0,32.6044,55.097,57.3171,8.3298,213.5436,158.4172,2.1954,3.2266,-0.8391666666666666
DPM,Devil's Peak Member,SC,Santa Cruz,2012,Outside,8.2542,0,0,1.3397,0,0,7.1546,19.1266,107.5827,47.8057,50.6066,307.2423,200.6376,1.7277,3.4874,-0.11416666666666667
DPM,Devil's Peak Member,SC,Santa Cruz,2013,Outside,7.7032,0,0.2923,0,0.2848,0,0,17.1809,50.5911,20.7938,23.9595,272.2359,145.1593,1.9924,5.2239,-0.29333333333333333
DPM,Devil's Peak Member,SC,Santa Cruz,2014,Outside,3.5376,0,0.0038,0,0.1345,0,6.469,17.0443,109.6925,0,0,287.7083,129.9411,1.9876,3.708,0.13999999999999999
DPM,Devil's Peak Member,SC,Santa Cruz,2015,Outside,1.5142,0.0228,0.3064,0.8891,0.0624,0,37.3081,14.3416,8.9063,0.0423,0,216.0293,127.509,0,1.651,1.485
DPM,Devil's Peak Member,SC,Santa Cruz,2016,Outside,1.1449,0,0.6624,0,0.0137,0,101.1677,16.2988,0,0,0,34.2075,12.5003,0,0.5686,0.35666666666666663
DPM,Devil's Peak Member,SC,Santa Cruz,2017,Outside,0.6527,0,0.7012,0.1449,1.886,0,136.2426,17.8809,2.8222,0.1473,0,53.8427,25.9279,0,0.126,-0.17666666666666667
DPM,Devil's Peak Member,SC,Santa Cruz,2018,Outside,1.4174,0,3.2473,0,0.6847,0,435.6046,14.3661,0,0.5454,0,225.7203,298.9549,0,0.1247,0.039999999999999994
DPM,Devil's Peak Member,SC,Santa Cruz,2019,Outside,1.3017,0,4.8753,0,0.0882,0,160.074,0.5988,5.0864,0.9094,0,100.1086,105.5374,1.5195,0.0394,0.75
EFC,East Fish Camp,AN,Anacapa,2005,Outside,6.6679,0,2.592,0,0.4458,0,29.5935,2.9189,39.5739,8.4393,0,257.9688,196.6699,0,0.2452,0.04166666666666667
EFC,East Fish Camp,AN,Anacapa,2006,Outside,5.5138,0,7.4238,0,0.8149,0,23.6455,5.4338,88.1323,3.4778,0,151.4089,232.9648,2.0539,0.2862,0.11416666666666668
EFC,East Fish Camp,AN,Anacapa,2007,Outside,2.1246,0,11.0934,0,1.0685,0,30.4418,6.0208,78.9466,3.696,0,132.317,157.8144,0,1.1035,-0.5908333333333333
EFC,East Fish Camp,AN,Anacapa,2008,Outside,4.2355,0,0.1973,0,0.8497,0,37.2201,7.525,40.959,0,0,97.1482,169.0722,1.9674,1.0505,-0.7583333333333333
EFC,East Fish Camp,AN,Anacapa,2009,Outside,6.1635,0,12.1263,0,1.3432,0,20.0798,9.7657,69.9264,5.161,0,123.82470000000001,195.3553,2.0205,0.4705,0.3125
EFC,East Fish Camp,AN,Anacapa,2010,Outside,2.3082,0,1.9236,0,0.7541,0,19.3612,6.0497,122.9267,17.6531,0,163.856,269.472,0,0.5668,-0.4616666666666666
EFC,East Fish Camp,AN,Anacapa,2011,Outside,2.3906,0,0.3101,0,0.4906,0.4239,5.9732,8.4958,105.9733,12.1798,0,181.5524,312.0353,5.7089,1.8155,-0.8391666666666666
EFC,East Fish Camp,AN,Anacapa,2012,Outside,3.9545,0,0.2237,0,0.2388,0,2.5231,1.8596,53.7778,6.2331,16.8314,125.4044,210.0317,1.7486,1.3325,-0.11416666666666667
EFC,East Fish Camp,AN,Anacapa,2013,Outside,1.2646,0,1.1013,0.1276,0.0664,4.0104,0,0.4007,82.7881,15.5435,1.6008,214.2461,239.5774,4.1417,2.204,-0.29333333333333333
EFC,East Fish Camp,AN,Anacapa,2014,Outside,4.3029,0,6.5139,0,0.0589,0,11.9251,0.2669,7.2422,0,0,123.5411,194.8397,1.9826,0.4282,0.13999999999999999
EFC,East Fish Camp,AN,Anacapa,2015,Outside,2.7189,0,5.4338,0,0.0831,12.0166,18.1894,0.2235,11.9598,0,0,61.1389,194.2649,0,0.6555,1.485
EFC,East Fish Camp,AN,Anacapa,2016,Outside,1.1057,0,12.0626,0,0.1121,56.4926,29.9782,0.3028,0,0,0,180.0383,226.9451,0,0.2816,0.35666666666666663
EFC,East Fish Camp,AN,Anacapa,2017,Outside,4.3448,0,1.8179,0,1.4073,0,60.2499,0.5367,1.1989,0,0,170.7377,179.7117,0,0.261,-0.17666666666666667
EFC,East Fish Camp,AN,Anacapa,2018,Outside,2.618,0,2.1546,0,1.553,0,217.7641,1.5326,0,0.2246,0,120.9127,199.9007,0.3815,0.0228,0.039999999999999994
EFC,East Fish Camp,AN,Anacapa,2019,Outside,5.658,0,5.817,0,1.4904,0,304.23630000000003,1.263,16.2163,0,0,66.0054,152.2563,0,0.0439,0.75
GC,Graveyard Canyon,SB,Santa Barbara,2005,Inside,0,0,0,0,0.0264,0,5.4936,0.5895,51.6557,2.7808,5.4472,212.1245,30.9166,0,2.0857,0.04166666666666667
GC,Graveyard Canyon,SB,Santa Barbara,2006,Inside,0.3581,0,0.4994,0,0.0196,0,5.072,0.4674,43.3887,3.453,0,114.659,36.9284,0,2.2923,0.11416666666666668
GC,Graveyard Canyon,SB,Santa Barbara,2007,Inside,0.7966,0,0.1694,0,0.2151,0,5.7497,0.7013,4.0722,0.6887,0,93.2958,34.0659,0,2.9995,-0.5908333333333333
GC,Graveyard Canyon,SB,Santa Barbara,2008,Inside,0.9286,0,0,0,0.2247,0,3.4839,0.1569,21.9808,2.0747,0,116.2654,33.9798,0,3.8645,-0.7583333333333333
GC,Graveyard Canyon,SB,Santa Barbara,2009,Inside,2.1696,0,0,0,0.0859,0,0,0.138,74.9141,2.824,0,33.8066,28.5131,0,5.9616,0.3125
GC,Graveyard Canyon,SB,Santa Barbara,2010,Inside,0,0,0,0,0.0322,9.0946,9.769,0.0772,25.2811,0.7932,0,35.4867,71.997,0,3.5142,-0.4616666666666666
GC,Graveyard Canyon,SB,Santa Barbara,2011,Inside,0.3113,0,0,0,0,0,0,0,47.1924,3.5518,0,160.6764,219.2145,0,3.1799,-0.8391666666666666
GC,Graveyard Canyon,SB,Santa Barbara,2012,Inside,0.2352,0,0,0,0,0.4239,0,0,29.7467,6.2761,0,84.1259,230.5137,0,2.349,-0.11416666666666667
GC,Graveyard Canyon,SB,Santa Barbara,2013,Inside,0.5749,0,0,0,0,25.4569,8.9185,0,35.9531,1.2026,0.7058,9.3497,45.3051,0,3.206,-0.29333333333333333
GC,Graveyard Canyon,SB,Santa Barbara,2014,Inside,0.6657,0,0,0,0,282.753,32.3432,0.0239,8.0273,0,0,60.3166,85.6587,0,4.8991,0.13999999999999999
GC,Graveyard Canyon,SB,Santa Barbara,2015,Inside,1.094,0,0,0,0,81.8748,57.4284,0,0,0,0,0,19.1692,0,3.0093,1.485
GC,Graveyard Canyon,SB,Santa Barbara,2016,Inside,0.0714,0,0,0,0.0108,46.3673,13.7392,0,0,0,0,0,1.3936,0,1.4081,0.35666666666666663
GC,Graveyard Canyon,SB,Santa Barbara,2017,Inside,0.3031,0,0,0,0.0117,137.8757,3.4399,0,0,0,0,0,0.2319,0,1.2333,-0.17666666666666667
GC,Graveyard Canyon,SB,Santa Barbara,2018,Inside,0.773,0,0,0,0.0109,29.891,43.8682,0,0,0,0,0,1.4654,0,1.9679,0.039999999999999994
GC,Graveyard Canyon,SB,Santa Barbara,2019,Inside,0.4417,0,0.0131,0,0,18.5762,154.141,0,0,0,0,0,8.297,0,0.9347,0.75
JLNO,Johnson's Lee North,SR,Santa Rosa,2005,Outside,0.3148,1.3366,1.279,0,0,291.6409,0,2.4288,42.6433,15.29,95.3892,135.7055,0,0,11.4188,0.04166666666666667
JLNO,Johnson's Lee North,SR,Santa Rosa,2006,Outside,1.8661,2.9159,0.3674,0,0,223.531,0,0.5167,31.973,10.3509,30.6699,323.5676,12.8841,0,8.1596,0.11416666666666668
JLNO,Johnson's Lee North,SR,Santa Rosa,2007,Outside,1.7834,4.1703,0.188,0,0,244.189,0,0.3119,57.012,11.6799,24.3331,233.0635,0.9442,0,8.6872,-0.5908333333333333
JLNO,Johnson's Lee North,SR,Santa Rosa,2008,Outside,1.1103,5.9329,0.5627,0,0,266.1618,0,0.3848,84.9119,21.9132,61.3347,27.2988,0.411,0,6.5538,-0.7583333333333333
JLNO,Johnson's Lee North,SR,Santa Rosa,2009,Outside,0.4456,12.7048,0.4028,0,0,229.4871,22.3024,0.729,153.6511,17.2548,20.1376,47.1029,6.1717,0,7.4391,0.3125
JLNO,Johnson's Lee North,SR,Santa Rosa,2010,Outside,1.0515,9.3188,0.1157,0,0,212.6158,0,1.0298,164.2357,15.7344,31.0228,446.5515,15.5686,0,12.9629,-0.4616666666666666
JLNO,Johnson's Lee North,SR,Santa Rosa,2011,Outside,0.9013,11.7761,0,0,0,269.8706,0,1.5871,141.0405,19.0732,26.4206,141.743,5.817,0,8.8885,-0.8391666666666666
JLNO,Johnson's Lee North,SR,Santa Rosa,2012,Outside,0.7521,9.1844,0.1974,0,0,309.0939,0,0.8273,228.2188,14.1524,25.1741,51.6824,8.5345,0,7.0561,-0.11416666666666667
JLNO,Johnson's Lee North,SR,Santa Rosa,2013,Outside,1.785,16.9085,0,0,0,262.6914,0,1.7618,138.6069,11.8056,108.4637,44.4295,2.0854,0,11.8799,-0.29333333333333333
JLNO,Johnson's Lee North,SR,Santa Rosa,2014,Outside,4.0173,9.5554,0,0,0.0017,299.3565,26.7609,2.0327,117.7868,0,0,251.4115,356.0663,0,8.7259,0.13999999999999999
JLNO,Johnson's Lee North,SR,Santa Rosa,2015,Outside,3.2483,36.6234,0.5359,0,0.1619,120.5946,0,1.2124,1.8994,0.0564,0,460.556,1394.2228,0,5.3623,1.485
JLNO,Johnson's Lee North,SR,Santa Rosa,2016,Outside,19.3491,8.4708,0.3831,0,0.0543,0,15.7504,3.2572,4.6722,0.2462,0,263.1505,925.3219,0,3.9069,0.35666666666666663
JLNO,Johnson's Lee North,SR,Santa Rosa,2017,Outside,16.3961,0,0.3349,0,0.6423,6.1037,83.6425,1.9611,14.019,0.1336,0,147.5984,532.7948,0,2.0649,-0.17666666666666667
JLNO,Johnson's Lee North,SR,Santa Rosa,2018,Outside,33.2404,0,0.0493,0,1.7012,0,54.223,1.2548,21.6753,0.4067,0,220.2768,671.3176,0,1.2127,0.039999999999999994
JLNO,Johnson's Lee North,SR,Santa Rosa,2019,Outside,27.7106,0,0.5147,0,0.9417,57.5925,75.4772,0.4322,30.3223,0.1931,0,260.3307,459.1586,0,1.0121,0.75
JLSO,Johnson's Lee South,SR,Santa Rosa,2005,Outside,0.1996,1.9299,1.749,0,0,112.2242,0,2.4288,266.6659,11.3254,69.0466,0,1.9491,0,18.0595,0.04166666666666667
JLSO,Johnson's Lee South,SR,Santa Rosa,2006,Outside,0.6309,0.7277,0.6714,0,0,120.2346,0,0.2026,233.7875,0.9878,47.0629,98.8632,9.5004,0,15.2166,0.11416666666666668
JLSO,Johnson's Lee South,SR,Santa Rosa,2007,Outside,1.0231,1.1512,2.2953,0,0,210.8498,0,0.9148,284.7537,1.0225,40.5376,71.6917,2.8783,0,25.1305,-0.5908333333333333
JLSO,Johnson's Lee South,SR,Santa Rosa,2008,Outside,0.8305,4.0785,0.9051,3.1115,0,212.3048,0,1.4437,419.4449,7.2232,76.3016,227.3857,77.3211,0,32.2568,-0.7583333333333333
JLSO,Johnson's Lee South,SR,Santa Rosa,2009,Outside,1.0611,1.5471,3.5262,0,0,67.2253,0,0.1827,338.8177,5.4063,17.2039,51.0114,69.2902,0,13.6066,0.3125
JLSO,Johnson's Lee South,SR,Santa Rosa,2010,Outside,1.5706,2.9242,1.9091,0,0,149.3878,0,0.5446,404.0932,14.9989,72.7167,80.9799,94.8771,0,39.1532,-0.4616666666666666
JLSO,Johnson's Lee South,SR,Santa Rosa,2011,Outside,2.7378,4.1211,0.1264,0,0,66.9546,0,0.6326,450.2983,24.1263,46.7625,107.1298,135.8962,0,21.691,-0.8391666666666666
JLSO,Johnson's Lee South,SR,Santa Rosa,2012,Outside,2.64,2.6077,1.1568,0,0,145.9662,0,0.7728,442.7995,13.0159,34.2686,216.6276,34.6778,0,25.0436,-0.11416666666666667
JLSO,Johnson's Lee South,SR,Santa Rosa,2013,Outside,1.7881,1.5493,1.6094,0,0,136.6802,0,0.4518,476.6568,34.4541,24.5296,528.1998,20.5681,0,25.9544,-0.29333333333333333
JLSO,Johnson's Lee South,SR,Santa Rosa,2014,Outside,1.59,2.1603,1.4083,0,0,80.8948,0,0.116,347.034,0.0702,0,133.0057,96.3936,0,20.9555,0.13999999999999999
JLSO,Johnson's Lee South,SR,Santa Rosa,2015,Outside,5.0168,3.3703,3.9467,0,0,145.4995,0,0.3172,102.0746,0.0766,0,410.5176,388.0566,0,12.89,1.485
JLSO,Johnson's Lee South,SR,Santa Rosa,2016,Outside,13.364,10.3907,5.1162,0,0.0204,18.9941,2.849,0.8606,89.3344,0,0,2611.8232,492.4153,0,5.6974,0.35666666666666663
JLSO,Johnson's Lee South,SR,Santa Rosa,2017,Outside,21.9258,0,7.6859,0,1.219,0,1.9183,0.7429,34.515,0.299,0,232.9767,184.6386,0,1.3954,-0.17666666666666667
JLSO,Johnson's Lee South,SR,Santa Rosa,2018,Outside,50.1228,0,7.6178,1.4359,4.0972,0,9.2103,0.8118,116.0722,0.5026,0,196.6941,362.6521,0,0.7629,0.039999999999999994
JLSO,Johnson's Lee South,SR,Santa Rosa,2019,Outside,35.0676,0.0044,5.6184,1.3749,6.6969,9.6649,7.1042,1.0238,165.7096,1.4359,0,27.2612,187.3302,0,0.6508,0.75
LC,Landing Cove,AN,Anacapa,2005,Inside,54.5741,0,0.5004,0,0,444.568,40.8706,1.7824,46.0024,0,0,909.1456,48.8884,0,0.0797,0.04166666666666667
LC,Landing Cove,AN,Anacapa,2006,Inside,32.9634,0,0.3549,0,0,242.6478,44.1139,1.3711,0,6.5688,0,959.123,63.7137,0,0.1697,0.11416666666666668
LC,Landing Cove,AN,Anacapa,2007,Inside,15.3979,0,0.465,0,0,118.7776,20.6468,3.0981,0,0,0,1265.1921,62.2279,0,0.0895,-0.5908333333333333
LC,Landing Cove,AN,Anacapa,2008,Inside,15.9581,0,0.0668,0,0,168.0603,33.3103,1.6016,0,13.0502,0,409.0143,30.2616,0,0.1597,-0.7583333333333333
LC,Landing Cove,AN,Anacapa,2009,Inside,11.7324,0,0.2228,0,0,106.4057,15.2716,0.8211,0,5.6041,0,533.6968,82.1242,7.2788,0.5952,0.3125
LC,Landing Cove,AN,Anacapa,2010,Inside,4.577,0,0.4161,0,0,48.0478,4.735,0.5766,84.0724,0.7742,0,845.2486,116.7307,0,0.4825,-0.4616666666666666
LC,Landing Cove,AN,Anacapa,2011,Inside,1.8974,0,0,0,0,33.055,15.8477,6.6656,0,13.9973,0,1028.9085,113.9664,0,2.9024,-0.8391666666666666
LC,Landing Cove,AN,Anacapa,2012,Inside,9.1298,0,0.2293,0,0,75.5973,4.9849,0.4679,0,1.6965,0,489.9162,57.0481,0,0.8699,-0.11416666666666667
LC,Landing Cove,AN,Anacapa,2013,Inside,12.0499,0,0.0833,0,0,110.0867,57.9394,0.8253,0,3.4641,0,784.5959,85.0637,1.9078,0.4974,-0.29333333333333333
LC,Landing Cove,AN,Anacapa,2014,Inside,21.5161,0,0.1977,0,0,68.0052,28.7195,0.284,0,0.1242,0,409.2189,125.8981,0,0.6597,0.13999999999999999
LC,Landing Cove,AN,Anacapa,2015,Inside,9.7708,0,0.6125,0,0,164.9227,6.1854,0.1976,0,0,0,312.1636,41.1281,0,0.1307,1.485
LC,Landing Cove,AN,Anacapa,2016,Inside,10.3489,0,0.2446,0,0,255.152,14.1709,0,0,0,0,59.4486,18.3852,0,0.0349,0.35666666666666663
LC,Landing Cove,AN,Anacapa,2017,Inside,8.8699,0,0.141,0,0,250.7171,2.7341,0.0831,0,0,0,28.0903,6.6505,0,0.0176,-0.17666666666666667
LC,Landing Cove,AN,Anacapa,2018,Inside,7.9111,0,0.0932,0,9e-4,145.5876,13.082,0.2047,0,0,0,10.6843,27.1518,0,0,0.039999999999999994
LC,Landing Cove,AN,Anacapa,2019,Inside,14.2056,0,0.4215,0,0,718.744,66.4535,0,0,0.1368,0,41.9733,7.5641,0,0.0652,0.75
LH,Lighthouse,AN,Anacapa,2005,Outside,10.0814,0,6.8177,0,0,190.0392,251.0536,4.6505,25.3868,5.3228,0,356.1437,217.3001,0,1.4243,0.04166666666666667
LH,Lighthouse,AN,Anacapa,2006,Outside,2.1743,0,0.7677,0,0.163,0,46.9915,3.655,37.7758,3.2131,0,512.9354,829.3994,0,1.6525,0.11416666666666668
LH,Lighthouse,AN,Anacapa,2007,Outside,1.8588,0,19.4756,0,0.0277,0,33.0861,2.2261,46.9174,7.7599,0,183.9749,331.2732,1.7813,1.6723,-0.5908333333333333
LH,Lighthouse,AN,Anacapa,2008,Outside,1.1062,0,2.0896,0,0.0839,0,15.4759,1.8431,38.6443,16.2489,0,200.0682,239.6171,0,1.6681,-0.7583333333333333
LH,Lighthouse,AN,Anacapa,2009,Outside,1.7896,0,13.6675,0,0.185,0,27.0325,3.3408,134.2433,15.9805,0,171.2191,313.5228,0,4.2835,0.3125
LH,Lighthouse,AN,Anacapa,2010,Outside,1.9148,0,1.4781,0,0.1488,0,0,4.124,77.5414,13.8098,0,151.5267,315.0111,0,3.8227,-0.4616666666666666
LH,Lighthouse,AN,Anacapa,2011,Outside,1.3742,0,0,0,0.2279,0,57.4176,3.8155,127.6751,12.686,0,167.4937,451.8735,4.0096,2.672,-0.8391666666666666
LH,Lighthouse,AN,Anacapa,2012,Outside,7.599,0,0,0,0.3872,0,13.6194,2.4633,136.1282,18.4917,0.5405,147.7142,530.5186,0,4.797,-0.11416666666666667
LH,Lighthouse,AN,Anacapa,2013,Outside,5.5033,0,0,0,0.0223,0,0,0.374,79.0158,12.6515,0,184.6953,411.7955,2.1944,3.1923,-0.29333333333333333
LH,Lighthouse,AN,Anacapa,2014,Outside,2.477,0,0.6479,0,0.0536,1.968,11.2058,0.5599,115.1119,0.1743,0,207.5816,403.8824,6.2976,3.7175,0.13999999999999999
LH,Lighthouse,AN,Anacapa,2015,Outside,5.8749,0,0.7605,0,0.0077,0,5.2097,0.0744,0,0.15310000000000001,0,62.6218,264.0309,0,0.9518,1.485
LH,Lighthouse,AN,Anacapa,2016,Outside,4.4506,0,6.525,0,0.0509,0,10.6199,0,2.2833,0,0,40.9653,94.8378,0,0.6227,0.35666666666666663
LH,Lighthouse,AN,Anacapa,2017,Outside,0.8337,0,1.7897,0,0.246,13.0172,60.4104,0,3.3006,0,0,21.2191,60.3192,0,0.2754,-0.17666666666666667
LH,Lighthouse,AN,Anacapa,2018,Outside,1.4065,0,1.7699,0,0.0148,15.7372,141.8917,0.1612,3.7549,0,0,96.8366,151.457,0,0.276,0.039999999999999994
LH,Lighthouse,AN,Anacapa,2019,Outside,1.2874,0,10.6545,0,0,113.0266,665.0105,0.4581,0.6904,0,0,80.9565,78.7963,0,0.2319,0.75
LS,Little Scorpion,SC,Santa Cruz,2005,Outside,17.7184,0,2.413,0,0,0,15.2955,10.401,25.167,8.4694,1.6295,800.9837,444.3276,0,1.0971,0.04166666666666667
LS,Little Scorpion,SC,Santa Cruz,2006,Outside,9.8339,0,3.8118,0,0.517,0,1.4988,12.1312,48.6403,36.7083,3.8997,590.8927,432.8298,0,0.4601,0.11416666666666668
LS,Little Scorpion,SC,Santa Cruz,2007,Outside,4.7161,0,4.2607,0,0.1361,0,9.2215,20.0809,83.2004,40.0771,0,620.5833,382.8638,3.8238,0.4823,-0.5908333333333333
LS,Little Scorpion,SC,Santa Cruz,2008,Outside,3.1529,0,2.0328,0,0.3081,0,11.5243,28.3165,128.7359,56.2679,0,414.9265,281.3363,3.8944,0.4337,-0.7583333333333333
LS,Little Scorpion,SC,Santa Cruz,2009,Outside,5.5303,0,2.2441,0,0.0217,0,20.5837,20.268,107.1736,29.7607,0,418.0367,249.2122,4.2077,0.2618,0.3125
LS,Little Scorpion,SC,Santa Cruz,2010,Outside,1.2093,0,0.839,0,0.9169,0,26.4723,25.5018,183.4301,97.1988,0,368.8345,354.7767,3.9947,1.6122,-0.4616666666666666
LS,Little Scorpion,SC,Santa Cruz,2011,Outside,4.9934,0,0.3172,0,3.2212,0,4.8376,18.5746,118.571,44.9654,0,459.6715,281.1739,6.177,2.2184,-0.8391666666666666
LS,Little Scorpion,SC,Santa Cruz,2012,Outside,2.6549,0.0061,0.3979,0,2.8035,0,1.8741,25.854,149.1092,56.9293,0,404.561,418.5631,7.9628,1.5377,-0.11416666666666667
LS,Little Scorpion,SC,Santa Cruz,2013,Outside,0.2009,0,0.1184,0,0.4933,0,0,9.8764,60.9136,17.8015,0,358.9201,209.7731,5.1423,1.8148,-0.29333333333333333
LS,Little Scorpion,SC,Santa Cruz,2014,Outside,0.2595,0,0.3016,0.831,0.0891,0,0.9114,5.7915,150.1493,0,0,579.4022,247.4909,0,0.8616,0.13999999999999999
LS,Little Scorpion,SC,Santa Cruz,2015,Outside,4.6723,0,3.1374,0,0.1373,0,16.7498,7.4793,7.1472,0,0,416.2301,159.6059,3.6755,0.1723,1.485
LS,Little Scorpion,SC,Santa Cruz,2016,Outside,1.8386,0,2.334,0,0.0017,0,74.921,9.9732,10.8294,0.1743,0,119.5081,60.45,1.6518,0.059,0.35666666666666663
LS,Little Scorpion,SC,Santa Cruz,2017,Outside,7.2188,0,1.3201,0.7246,7.6479,0,95.5228,8.2433,44.5353,0,0,197.0086,67.0945,7.933,0.0898,-0.17666666666666667
LS,Little Scorpion,SC,Santa Cruz,2018,Outside,5.9238,0,4.6011,0,3.6754,0,150.1506,8.316,0,0,0,308.7326,90.4024,2.8763,0,0.039999999999999994
LS,Little Scorpion,SC,Santa Cruz,2019,Outside,11.228,0,5.3308,0,2.0698,0,134.7762,0.5614,95.3708,0.2836,0,436.8762,62.6005,0,0.0355,0.75
PP,Potato Pasture,SC,Santa Cruz,2005,Inside,30.7364,0,0.0223,0,1.2096,0,2.5593,1.5584,26.9385,17.0416,0,202.8371,121.5125,0,0.927,0.04166666666666667
PP,Potato Pasture,SC,Santa Cruz,2006,Inside,28.787,0,2.7341,0,1.0029,0,1.2587,2.5586,38.008,14.002,0,165.1608,159.3986,6.4942,0.3249,0.11416666666666668
PP,Potato Pasture,SC,Santa Cruz,2007,Inside,24.5073,0,1.1948,0,1.192,0,18.2754,5.9163,14.9487,17.5134,1.7502,315.4338,232.9452,1.7354,1.2436,-0.5908333333333333
PP,Potato Pasture,SC,Santa Cruz,2008,Inside,25.9577,0,0.8373,0,0.4542,0,13.3562,4.5496,16.8015,22.021,0.9784,239.1052,92.5024,5.7884,0.9198,-0.7583333333333333
PP,Potato Pasture,SC,Santa Cruz,2009,Inside,24.3936,0,0.664,0,0.0308,0,3.7797,4.4978,55.8683,27.0589,0,192.5432,220.6682,17.6386,0.6955,0.3125
PP,Potato Pasture,SC,Santa Cruz,2010,Inside,17.4613,0,0.6313,0,0.0296,45.6928,11.1992,2.9202,30.4606,22.1865,0,109.1139,216.7973,5.2108,3.2108,-0.4616666666666666
PP,Potato Pasture,SC,Santa Cruz,2011,Inside,18.9673,0,0.5935,0,0.1404,11.224,8.2224,2.8714,121.8504,47.7627,0,182.0028,325.1062,5.3465,2.3166,-0.8391666666666666
PP,Potato Pasture,SC,Santa Cruz,2012,Inside,10.0853,0,1.0784,0.036,0.1106,5.3434,0,2.4039,74.5928,47.8032,0,178.3992,322.2535,3.8149,7.0493,-0.11416666666666667
PP,Potato Pasture,SC,Santa Cruz,2013,Inside,17.3535,0,0.22,2.2932,0.0024,2.8258,6.3305,2.8073,47.3227,26.875,0,282.0175,306.6888,9.0538,2.9647,-0.29333333333333333
PP,Potato Pasture,SC,Santa Cruz,2014,Inside,11.0655,0,2.2757,0,0.0157,27.4454,5.3885,1.083,44.6145,0.2003,0,117.9797,197.1515,12.1278,4.153,0.13999999999999999
PP,Potato Pasture,SC,Santa Cruz,2015,Inside,14.9037,0,0.5335,0,1e-4,89.0219,4.3799,4.4288,0.7216,0,0,31.8699,43.7894,4.2456,0.6883,1.485
PP,Potato Pasture,SC,Santa Cruz,2016,Inside,5.34,0,0.764,0,0,33.9328,77.1833,0.0052,0,0.0505,0,28.6865,12.975,1.391,0.5589,0.35666666666666663
PP,Potato Pasture,SC,Santa Cruz,2017,Inside,2.4035,0,0.7472,0,0.0356,128.7221,24.9285,0,1.9456,0,0,40.8158,4.468,0,1.0149,-0.17666666666666667
PP,Potato Pasture,SC,Santa Cruz,2018,Inside,5.8309,0,0.306,0,1e-4,242.593,23.37,0,5.546,0,0,65.3831,36.2402,3.5747,0.1301,0.039999999999999994
PP,Potato Pasture,SC,Santa Cruz,2019,Inside,5.8445,0,0.676,0,0.0019,394.7792,65.7576,0,2.4326,0.1094,0,29.9817,19.489,0,0.0418,0.75
PRF,Pedro Reef,SC,Santa Cruz,2005,Outside,9.4131,0,5.3135,0,0.2541,0,35.6611,1.1476,20.9574,4.9843,0,130.7061,218.3131,0,1.4211,0.04166666666666667
PRF,Pedro Reef,SC,Santa Cruz,2006,Outside,12.8781,0,1.2729,0,0.7497,0,70.8426,1.6398,11.453,3.1428,0,162.1322,196.9638,3.8869,1.0016,0.11416666666666668
PRF,Pedro Reef,SC,Santa Cruz,2007,Outside,5.4592,0,0.062,0,1.802,0,27.3911,2.1642,7.1624,7.1197,0,103.5793,173.7663,0,1.7241,-0.5908333333333333
PRF,Pedro Reef,SC,Santa Cruz,2008,Outside,1.8146,0,0.0438,0,1.4033,0,62.1529,2.5895,45.288,12.5102,0.0388,164.0527,237.0707,0,5.9663,-0.7583333333333333
PRF,Pedro Reef,SC,Santa Cruz,2009,Outside,1.7916,0,0.2556,0,0.7774,0,5.5435,4.5025,46.168,12.9826,0,238.5071,254.9003,0,3.6989,0.3125
PRF,Pedro Reef,SC,Santa Cruz,2010,Outside,1.2701,0,0.1816,0,1.6183,0,16.0299,4.2038,36.9033,28.7119,1.6963,192.9052,186.7481,0,6.1573,-0.4616666666666666
PRF,Pedro Reef,SC,Santa Cruz,2011,Outside,4.0041,0,0.2884,0,3.7459,0.5298,12.6912,2.8751,89.4394,27.1813,0,346.4492,386.4675,0,4.8658,-0.8391666666666666
PRF,Pedro Reef,SC,Santa Cruz,2012,Outside,1.5753,0.0022,0.2557,0,1.8924,0,0,1.5035,90.3972,20.8876,1.1969,266.7882,341.7598,0,1.0615,-0.11416666666666667
PRF,Pedro Reef,SC,Santa Cruz,2013,Outside,3.479,0,0.4368,0,0.9281,0,4.4423,0.4478,21.5513,17.5477,0,309.9248,266.6019,0,1.9236,-0.29333333333333333
PRF,Pedro Reef,SC,Santa Cruz,2014,Outside,5.0307,0,0.2529,0,0.2925,0,12.4497,0.2463,11.0373,0.0322,0,130.8439,198.4489,0,0.4961,0.13999999999999999
PRF,Pedro Reef,SC,Santa Cruz,2015,Outside,4.2462,0,8.6282,0,0.1367,0,31.2844,0.2572,0,0.1615,0,82.3817,280.0941,0,0.6323,1.485
PRF,Pedro Reef,SC,Santa Cruz,2016,Outside,0.7262,0,26.5048,0,0.0395,0.5652,103.3133,0.3568,0.9954,0,0,93.6922,184.2486,0,0.0737,0.35666666666666663
PRF,Pedro Reef,SC,Santa Cruz,2017,Outside,2.7445,0,7.288,0,3.8556,0,125.0919,0.3074,1.6687,0.4535,0,177.7386,164.9186,0,0.1444,-0.17666666666666667
PRF,Pedro Reef,SC,Santa Cruz,2018,Outside,4.1146,0,4.9146,0,2.4925,0,247.6708,0.5699,11.8034,0.234,0,134.5252,181.4914,0,0,0.039999999999999994
PRF,Pedro Reef,SC,Santa Cruz,2019,Outside,4.431,0,6.2288,0,0.1684,0,453.2735,0.0763,1.3559,0,0,52.0668,135.7812,1.2172,0,0.75
SA,Scorpion Anchorage,SC,Santa Cruz,2005,Inside,16.7588,0,0,0,0,5.2434,12.7126,3.7353,13.4509,9.6175,0,158.0746,378.2696,0,1.0971,0.04166666666666667
SA,Scorpion Anchorage,SC,Santa Cruz,2006,Inside,8.3164,0,0,0,0.016,0,30.8029,3.7846,13.1848,3.9231,4.4716,116.5579,271.1072,0,0.7151,0.11416666666666668
SA,Scorpion Anchorage,SC,Santa Cruz,2007,Inside,2.3858,0,0,0,0,45.1083,53.8367,6.0227,20.4978,8.891,0,241.7267,479.2604,0,0.4701,-0.5908333333333333
SA,Scorpion Anchorage,SC,Santa Cruz,2008,Inside,10.2044,0,0,0,0.5417,64.213,41.4573,7.9782,15.5799,8.6732,0,308.9511,330.0197,0,0.893,-0.7583333333333333
SA,Scorpion Anchorage,SC,Santa Cruz,2009,Inside,2.8244,0,0,0,0,88.9393,24.7871,8.3885,42.2766,10.8521,0,222.6394,443.6721,0,1.252,0.3125
SA,Scorpion Anchorage,SC,Santa Cruz,2010,Inside,5.0964,0,0,0,0,0,26.975,10.2856,33.501,13.4799,0,452.5659,572.857,0,2.0873,-0.4616666666666666
SA,Scorpion Anchorage,SC,Santa Cruz,2011,Inside,4.8601,0,0,0,0.0088,0,9.3651,13.4476,56.2156,34.077,0,389.2061,696.8167,0,1.2604,-0.8391666666666666
SA,Scorpion Anchorage,SC,Santa Cruz,2012,Inside,1.2116,0,0.0045,0,0.0035,0,4.9382,7.1105,56.2296,26.1386,0,401.1235,1155.5081,0,2.0135,-0.11416666666666667
SA,Scorpion Anchorage,SC,Santa Cruz,2013,Inside,1.1947,0,7e-4,0,0,0,18.6827,4.5989,13.0443,13.1421,0,222.7848,606.2656,0,0.5332,-0.29333333333333333
SA,Scorpion Anchorage,SC,Santa Cruz,2014,Inside,2.3171,0,0.0058,0,0,104.907,2.6048,0.4419,6.4575,0,0,164.6913,333.0532,0,0.9374,0.13999999999999999
SA,Scorpion Anchorage,SC,Santa Cruz,2015,Inside,3.0622,0,0.0168,0,0,166.5322,62.2424,0.066,0,0,0,62.0116,212.513,0,0.1692,1.485
SA,Scorpion Anchorage,SC,Santa Cruz,2016,Inside,2.7948,0,0.0481,0,0.001,244.596,125.4857,0,0,0,0,30.1979,34.6598,0,0.0825,0.35666666666666663
SA,Scorpion Anchorage,SC,Santa Cruz,2017,Inside,1.7103,0,0.092,0,0,350.9793,223.8885,0,0,0,0,127.2785,77.0991,0,0,-0.17666666666666667
SA,Scorpion Anchorage,SC,Santa Cruz,2018,Inside,1.8874,0,0.0428,0,0,1401.1495,312.8809,0,0,0,0,98.4834,87.8928,0,0,0.039999999999999994
SA,Scorpion Anchorage,SC,Santa Cruz,2019,Inside,3.3202,0,0.5327,0,0,237.7207,194.1122,0,0,0.5684,0,110.7985,65.6819,0,0,0.75
SER,Southeast Reef,SB,Santa Barbara,2005,Inside,1.3722,0,0,0,0,89.7638,3.1375,0.2873,5.8607,19.6393,2.0974,758.0054,121.467,0,0.1392,0.04166666666666667
SER,Southeast Reef,SB,Santa Barbara,2006,Inside,0.6832,0,0,0,0,54.3155,19.3086,0.204,21.3907,21.9361,0,1487.9713,125.2411,8.6408,2.2883,0.11416666666666668
SER,Southeast Reef,SB,Santa Barbara,2007,Inside,1.9988,0,0,0,0,94.305,14.4194,0.4638,6.1263,8.3741,0,1327.7522,135.8916,22.2374,0.0132,-0.5908333333333333
SER,Southeast Reef,SB,Santa Barbara,2008,Inside,6.5068,0,0,0,0.0206,100.4639,28.9397,0.0864,0,6.0549,0,822.597,198.0956,1.3575,0.1791,-0.7583333333333333
SER,Southeast Reef,SB,Santa Barbara,2009,Inside,2.357,0,0,0,0,126.4807,4.4148,0.5853,0,12.1663,0,1072.6672,44.0368,0,0.1497,0.3125
SER,Southeast Reef,SB,Santa Barbara,2010,Inside,0.7643,0,0,0,0.055,149.0901,12.1838,0.2161,0,17.6559,0,1055.8461,15.5012,1.3767,0.0877,-0.4616666666666666
SER,Southeast Reef,SB,Santa Barbara,2011,Inside,2.7402,0,0,0,0,303.7768,11.2699,0.8347,0,14.0922,0,599.653,21.7161,2.7021,0.1428,-0.8391666666666666
SER,Southeast Reef,SB,Santa Barbara,2012,Inside,2.137,0,0,0,0.0016,242.4059,25.0481,0.395,4.4542,19.4157,0,1085.0385,40.2599,1.1806,0.3545,-0.11416666666666667
SER,Southeast Reef,SB,Santa Barbara,2013,Inside,5.1434,0,0,0,0,69.6837,8.9278,0.3839,0,7.4283,0,1664.7069,73.6522,2.2457,0.4445,-0.29333333333333333
SER,Southeast Reef,SB,Santa Barbara,2014,Inside,11.9581,0,0,0,0,275.0171,13.3889,0.2079,0,1.0694,0,2054.6289,68.6656,6.5079,0.3305,0.13999999999999999
SER,Southeast Reef,SB,Santa Barbara,2015,Inside,7.663,0,0.0038,0.7357,0.0013,95.3081,40.9872,0.101,0,0.0644,0,1059.349,51.9033,25.3751,0.1432,1.485
SER,Southeast Reef,SB,Santa Barbara,2016,Inside,3.2251,0,0,0,0.0059,108.3472,31.1877,0,0,0.1631,0,240.1194,15.7814,0,0.1966,0.35666666666666663
SER,Southeast Reef,SB,Santa Barbara,2017,Inside,3.9803,0,0.0983,0,6e-4,175.2997,20.7213,0.059,0,0,0,366.0059,34.9709,0,0,-0.17666666666666667
SER,Southeast Reef,SB,Santa Barbara,2018,Inside,3.7804,0,0.1227,0,0.0042,194.9486,52.2987,0,0.0491,0.2603,0,131.0484,34.0213,0,0.0157,0.039999999999999994
SER,Southeast Reef,SB,Santa Barbara,2019,Inside,2.2851,0,0.1756,0,2e-4,216.643,195.2171,0,0,0,0,221.2853,49.4284,1.4276,0.0165,0.75
SESL,SE Sea Lion Rookery,SB,Santa Barbara,2005,Inside,1.1412,0,0,0,0.0088,0,16.1485,0.5906,44.2534,5.3657,7.7307,473.8364,33.5795,0,3.8423,0.04166666666666667
SESL,SE Sea Lion Rookery,SB,Santa Barbara,2006,Inside,7.0568,0,0,1.4575,0,0,24.2543,1.8687,49.3756,10.8399,2.3921,245.7929,11.5327,12.1763,6.8609,0.11416666666666668
SESL,SE Sea Lion Rookery,SB,Santa Barbara,2007,Inside,1.0637,0,0,1.7905,0.0082,0,9.9226,1.1752,23.1993,3.3274,0,244.7986,9.4386,11.8762,6.2595,-0.5908333333333333
SESL,SE Sea Lion Rookery,SB,Santa Barbara,2008,Inside,1.5635,0,0,0,0.1314,0,26.0876,1.155,26.5314,1.986,0,188.4156,45.0897,15.6031,7.4876,-0.7583333333333333
SESL,SE Sea Lion Rookery,SB,Santa Barbara,2009,Inside,2.2955,0,0,0,0.0197,0,11.4057,0.4562,40.6535,4.6967,0,69.1408,47.1633,9.5613,5.2832,0.3125
SESL,SE Sea Lion Rookery,SB,Santa Barbara,2010,Inside,0.6928,0,0,0,0.0198,3.3725,4.0923,0,62.5706,2.4054,0,104.0426,72.04,3.3113,6.6966,-0.4616666666666666
SESL,SE Sea Lion Rookery,SB,Santa Barbara,2011,Inside,3.2698,0,0,0,0.0845,0,0,0.108,119.9406,5.6728,6.1284,210.6006,282.776,9.2585,9.4198,-0.8391666666666666
SESL,SE Sea Lion Rookery,SB,Santa Barbara,2012,Inside,0.3051,0,0,0,0,0,3.6983,0.032,123.5089,7.1004,0,15.0404,199.3575,0,7.3161,-0.11416666666666667
SESL,SE Sea Lion Rookery,SB,Santa Barbara,2013,Inside,0.9323,0,0,0,0,0,0,0.108,66.0212,1.9804,0,3.0204,106.2313,4.9637,9.2325,-0.29333333333333333
SESL,SE Sea Lion Rookery,SB,Santa Barbara,2014,Inside,1.806,0,0.2639,0,0,91.9887,32.1057,0.0573,4.7009,0.0805,0,29.4355,154.996,2.7597,9.7165,0.13999999999999999
SESL,SE Sea Lion Rookery,SB,Santa Barbara,2015,Inside,1.8946,0,0.2231,0,0.0117,244.0828,0,0,0,0,0,41.1184,70.7559,1.4558,9.3681,1.485
SESL,SE Sea Lion Rookery,SB,Santa Barbara,2016,Inside,0.7201,0,0.2656,0,0.004,112.4626,3.6778,0,0,0,0,15.3655,36.2365,0,6.6226,0.35666666666666663
SESL,SE Sea Lion Rookery,SB,Santa Barbara,2017,Inside,2.4166,0,0.656,0,0.0213,202.0688,3.1945,0,0,0,0,65.7394,28.7534,0,3.5752,-0.17666666666666667
SESL,SE Sea Lion Rookery,SB,Santa Barbara,2018,Inside,1.3677,0,0.0645,0,0.0191,180.2736,71.2029,0,0,0,0,33.8368,50.1683,0,4.0532,0.039999999999999994
SESL,SE Sea Lion Rookery,SB,Santa Barbara,2019,Inside,2.9829,0,0.0825,0,0,160.3282,182.7516,0,0,0,0,67.311,60.2344,1.7849,4.9459,0.75
SP,South Point,SR,Santa Rosa,2005,Inside,1.0813,24.8879,1.4822,0,0,93.216,0,2.4288,187.2237,3.8781,20.8122,0,0,0,18.2025,0.04166666666666667
SP,South Point,SR,Santa Rosa,2006,Inside,1.6213,38.9795,0.3674,0,0,217.9617,19.6028,0,121.7686,1.1196,21.486,62.794,0,0,13.2092,0.11416666666666668
SP,South Point,SR,Santa Rosa,2007,Inside,0,21.0833,0.5589,0,0,212.1608,0,0.5199,195.9491,5.6778,0.8097,22.3166,17.4659,0,9.8459,-0.5908333333333333
SP,South Point,SR,Santa Rosa,2008,Inside,0.5984,39.3908,0.6097,0,0,433.0858,0,0.2837,189.6691,7.3408,10.4379,13.8143,17.0329,0,14.8262,-0.7583333333333333
SP,South Point,SR,Santa Rosa,2009,Inside,0.2491,43.2999,1.0708,0,0,395.2206,0,0.1602,123.8142,13.2216,5.1586,155.9997,65.7649,0,5.226,0.3125
SP,South Point,SR,Santa Rosa,2010,Inside,0.1452,34.6254,0.1344,0,0,237.2442,0,1.4924,257.4969,10.1431,8.9935,364.1283,176.005,0,13.2327,-0.4616666666666666
SP,South Point,SR,Santa Rosa,2011,Inside,0.6771,53.4876,0.2644,0,0,79.458,0,0.6385,211.9181,4.3631,17.2922,289.2076,195.2704,0,12.1198,-0.8391666666666666
SP,South Point,SR,Santa Rosa,2012,Inside,0.4421,35.7036,0.3842,0,0,180.8476,15.7165,0,211.3128,4.2532,12.9089,82.8123,203.4776,0,10.6322,-0.11416666666666667
SP,South Point,SR,Santa Rosa,2013,Inside,0.772,51.7091,0.276,0,0,212.6462,0,0.2322,174.4217,4.3538,44.4394,43.6177,78.5258,0,13.3491,-0.29333333333333333
SP,South Point,SR,Santa Rosa,2014,Inside,0.7734,43.0137,0,0,0,240.2174,0,0.6401,142.403,0,0,689.6027,214.5218,0,10.736,0.13999999999999999
SP,South Point,SR,Santa Rosa,2015,Inside,1.4798,76.3721,0,0,1e-4,209.8763,0,0.7728,71.0759,0.0485,0,939.1213,191.9761,0,7.2673,1.485
SP,South Point,SR,Santa Rosa,2016,Inside,0.8864,47.3999,0.2102,0,0,227.596,0,0.7983,21.6973,0.1586,0,304.7957,198.2031,0,11.0517,0.35666666666666663
SP,South Point,SR,Santa Rosa,2017,Inside,2.316,54.5043,0,0,0,112.3,0,0.9533,31.508,0.2486,0,393.6702,109.8021,0,5.208,-0.17666666666666667
SP,South Point,SR,Santa Rosa,2018,Inside,0.9741,34.9208,0.0038,0,0,174.7635,59.941,0.5333,68.6985,0.1738,0,262.217,376.5594,0,5.3844,0.039999999999999994
SP,South Point,SR,Santa Rosa,2019,Inside,0.6472,31.1405,0.3252,0,0,109.6525,74.381,0.8049,61.0854,0,0,73.0322,131.8648,0,4.4031,0.75
TC,Trancion Canyon,SR,Santa Rosa,2005,Inside,1.104,0.8533,1.279,0,0,172.4855,0,3.0359,89.7058,33.0653,71.3212,1789.826,60.4372,0,17.4615,0.04166666666666667
TC,Trancion Canyon,SR,Santa Rosa,2006,Inside,1.2995,0,0,0,0,172.9376,0,3.7727,114.3884,11.2499,11.1647,1016.2487,37.6419,0,21.1907,0.11416666666666668
TC,Trancion Canyon,SR,Santa Rosa,2007,Inside,1.2079,0.0131,0.8279,0,0,189.534,0,0.9148,139.3038,24.0883,0.0975,1131.9017,61.7079,0,21.029,-0.5908333333333333
TC,Trancion Canyon,SR,Santa Rosa,2008,Inside,2.5701,0,0.6273,0,0,304.0162,0,3.6219,157.1385,32.1385,2.3092,1576.1527,151.1038,0,22.5985,-0.7583333333333333
TC,Trancion Canyon,SR,Santa Rosa,2009,Inside,0.7342,0,0.1234,0,0,259.5186,0,3.8162,164.5666,43.959,11.2888,2072.4494,203.5912,0,20.0147,0.3125
TC,Trancion Canyon,SR,Santa Rosa,2010,Inside,1.7642,0,0.5083,0,0,48.0241,0,3.6803,189.6884,43.4659,25.5069,2194.7338,353.942,0,29.5596,-0.4616666666666666
TC,Trancion Canyon,SR,Santa Rosa,2011,Inside,3.404,0,0,0,0,0,0,7.356,271.7856,50.8981,53.4578,2695.1227,170.0799,0,28.0137,-0.8391666666666666
TC,Trancion Canyon,SR,Santa Rosa,2012,Inside,0.4586,0,0,0,0,2.2542,0,2.4141,200.2812,36.5944,18.6904,1538.3695,80.3084,0,24.7669,-0.11416666666666667
TC,Trancion Canyon,SR,Santa Rosa,2013,Inside,0.1945,0,0,0,0,9.2164,0,3.8816,295.0433,58.5833,19.8798,1495.6496,27.5715,0,20.1434,-0.29333333333333333
TC,Trancion Canyon,SR,Santa Rosa,2014,Inside,4.3409,0,0,0,0.0087,111.869,0,4.4427,294.2535,1.3742,0,1441.9318,42.1056,0,25.8298,0.13999999999999999
TC,Trancion Canyon,SR,Santa Rosa,2015,Inside,7.5483,0,6e-4,1.5029,0.066,120.2359,0,2.7428,62.9531,0.5335,0,2453.201,152.262,0,13.5202,1.485
TC,Trancion Canyon,SR,Santa Rosa,2016,Inside,11.0126,0,0,0,0,59.523,12.4726,5.0354,38.5454,1.0038,0,4117.9347,331.0801,0,12.232,0.35666666666666663
TC,Trancion Canyon,SR,Santa Rosa,2017,Inside,15.0744,0.0034,0,3.5151,0.0288,48.4419,21.9938,6.5473,36.2155,1.1828,0,1658.9007,227.7247,1.7069,10.9449,-0.17666666666666667
TC,Trancion Canyon,SR,Santa Rosa,2018,Inside,27.4191,8e-4,0.0219,2.718,0.0022,44.9327,26.5755,7.7964,61.2227,1.0931,0,1780.9902,612.2629,0,9.054,0.039999999999999994
TC,Trancion Canyon,SR,Santa Rosa,2019,Inside,23.2045,0,0.3228,1.5052,0.0023,17.247,14.6117,7.6724,139.4438,1.1943,0,1485.5707,215.7292,0,8.5287,0.75
WA,Webster's Arch,SB,Santa Barbara,2005,Outside,0.8879,0,0,0,0.0088,0,22.8515,2.9723,102.913,18.5012,3.0747,289.8875,217.9906,0,1.2211,0.04166666666666667
WA,Webster's Arch,SB,Santa Barbara,2006,Outside,6.2779,0,0.4626,0.3644,0.0045,0,40.3006,4.1153,96.0692,15.0174,3.3768,285.5527,303.0618,9.9697,2.2883,0.11416666666666668
WA,Webster's Arch,SB,Santa Barbara,2007,Outside,2.703,0,0.0339,0.402,0.0155,0,27.714,8.2561,72.9186,8.3687,15.2395,160.2174,176.7286,2.5277,1.8544,-0.5908333333333333
WA,Webster's Arch,SB,Santa Barbara,2008,Outside,2.2401,0,0,0,0.0034,0,61.3257,7.3276,166.0759,10.9832,3.6761,127.7377,209.0799,18.4027,0.1174,-0.7583333333333333
WA,Webster's Arch,SB,Santa Barbara,2009,Outside,1.8532,0,0,6.0911,0,0,45.7999,9.2187,129.6349,24.7372,2.6927,276.1747,154.2486,10.1577,2.2789,0.3125
WA,Webster's Arch,SB,Santa Barbara,2010,Outside,0.4272,0,0.1323,1.6583,0.055,0,24.0783,9.4342,140.5549,11.3037,18.3412,159.8563,186.7557,15.0012,0.0789,-0.4616666666666666
WA,Webster's Arch,SB,Santa Barbara,2011,Outside,1.8469,0,0,2.3344,0.0845,0,45.7416,9.4024,147.0141,27.1671,38.0809,197.0411,162.751,9.0663,0.3676,-0.8391666666666666
WA,Webster's Arch,SB,Santa Barbara,2012,Outside,1.852,0,0,0,0,0,50.6904,5.9853,217.9187,19.2114,52.5938,105.0265,85.1703,6.9693,0.2787,-0.11416666666666667
WA,Webster's Arch,SB,Santa Barbara,2013,Outside,2.4438,0,0,12.0021,0.0326,0,70.0865,7.4113,36.3817,7.9769,3.5292,191.0978,127.5482,12.0163,0.4985,-0.29333333333333333
WA,Webster's Arch,SB,Santa Barbara,2014,Outside,0.8143,0,0,30.8298,0,3.2187,40.7399,2.4628,49.4122,0,0,267.6265,63.6945,35.1845,0.1351,0.13999999999999999
WA,Webster's Arch,SB,Santa Barbara,2015,Outside,11.6216,0,0.1343,22.3725,0.0075,58.7069,82.5692,0.7963,10.1085,0,0,438.7257,27.2239,15.8177,0.4594,1.485
WA,Webster's Arch,SB,Santa Barbara,2016,Outside,4.6687,0,0.076,9.8745,0.0242,331.3439,82.2113,0.6479,3.2357,0,0,290.0401,99.8568,4.029,0.1739,0.35666666666666663
WA,Webster's Arch,SB,Santa Barbara,2017,Outside,5.7253,0,0.9568,3.0126,0.0251,221.3632,159.6783,0.0936,8.6012,0,0,320.8231,116.3204,3.9677,0.2515,-0.17666666666666667
WA,Webster's Arch,SB,Santa Barbara,2018,Outside,5.4608,0,0.8752,0,0.0342,97.8781,247.7077,0.1255,4.4339,0.0476,0,231.1491,187.4918,1.0904,0.0506,0.039999999999999994
WA,Webster's Arch,SB,Santa Barbara,2019,Outside,13.8079,0,0.9172,0,0.1409,71.3816,245.98,0,24.6929,0,0,254.268,308.4881,0,0.0754,0.75
