SurveyYear,Month,Date,DateStart,DateEnd,PDO_ANOM,Mean_PDO_ANOM,ONI_ANOM,Mean_ONI_ANOM
1982,1,1982-01-01,1982-01-01,1982-02-01,0.63,0.505,0.11,0.9933333333333333
1982,2,1982-02-01,1982-02-01,1982-03-01,0.64,0.505,-0.15,0.9933333333333333
1982,3,1982-03-01,1982-03-01,1982-04-01,0.55,0.505,0.25,0.9933333333333333
1982,4,1982-04-01,1982-04-01,1982-05-01,0.59,0.505,0.45,0.9933333333333333
1982,5,1982-05-01,1982-05-01,1982-06-01,0.41,0.505,0.72,0.9933333333333333
1982,6,1982-06-01,1982-06-01,1982-07-01,0.28,0.505,0.8,0.9933333333333333
1982,7,1982-07-01,1982-07-01,1982-08-01,0.27,0.505,0.64,0.9933333333333333
1982,8,1982-08-01,1982-08-01,1982-09-01,0.4,0.505,0.93,0.9933333333333333
1982,9,1982-09-01,1982-09-01,1982-10-01,0.6,0.505,1.64,0.9933333333333333
1982,10,1982-10-01,1982-10-01,1982-11-01,0.42,0.505,2.16,0.9933333333333333
1982,11,1982-11-01,1982-11-01,1982-12-01,0.59,0.505,2.09,0.9933333333333333
1982,12,1982-12-01,1982-12-01,1983-01-01,0.68,0.505,2.28,0.9933333333333333
1983,1,1983-01-01,1983-01-01,1983-02-01,0.53,1.3058333333333334,2.32,0.47583333333333333
1983,2,1983-02-01,1983-02-01,1983-03-01,0.92,1.3058333333333334,1.94,0.47583333333333333
1983,3,1983-03-01,1983-03-01,1983-04-01,1.46,1.3058333333333334,1.49,0.47583333333333333
1983,4,1983-04-01,1983-04-01,1983-05-01,1.47,1.3058333333333334,1.19,0.47583333333333333
1983,5,1983-05-01,1983-05-01,1983-06-01,1.42,1.3058333333333334,1.18,0.47583333333333333
1983,6,1983-06-01,1983-06-01,1983-07-01,1.66,1.3058333333333334,0.82,0.47583333333333333
1983,7,1983-07-01,1983-07-01,1983-08-01,1.6,1.3058333333333334,0.17,0.47583333333333333
1983,8,1983-08-01,1983-08-01,1983-09-01,1.2,1.3058333333333334,-0.04,0.47583333333333333
1983,9,1983-09-01,1983-09-01,1983-10-01,1.31,1.3058333333333334,-0.36,0.47583333333333333
1983,10,1983-10-01,1983-10-01,1983-11-01,1.26,1.3058333333333334,-0.96,0.47583333333333333
1983,11,1983-11-01,1983-11-01,1983-12-01,1.37,1.3058333333333334,-1.1,0.47583333333333333
1983,12,1983-12-01,1983-12-01,1984-01-01,1.47,1.3058333333333334,-0.94,0.47583333333333333
1984,1,1984-01-01,1984-01-01,1984-02-01,1.68,1.5625,-0.69,-0.5
1984,2,1984-02-01,1984-02-01,1984-03-01,1.41,1.5625,-0.18,-0.5
1984,3,1984-03-01,1984-03-01,1984-04-01,1.77,1.5625,-0.39,-0.5
1984,4,1984-04-01,1984-04-01,1984-05-01,1.85,1.5625,-0.44,-0.5
1984,5,1984-05-01,1984-05-01,1984-06-01,1.5,1.5625,-0.46,-0.5
1984,6,1984-06-01,1984-06-01,1984-07-01,1.5,1.5625,-0.63,-0.5
1984,7,1984-07-01,1984-07-01,1984-08-01,1.63,1.5625,-0.24,-0.5
1984,8,1984-08-01,1984-08-01,1984-09-01,1.47,1.5625,-0.04,-0.5
1984,9,1984-09-01,1984-09-01,1984-10-01,1.52,1.5625,-0.19,-0.5
1984,10,1984-10-01,1984-10-01,1984-11-01,1.55,1.5625,-0.49,-0.5
1984,11,1984-11-01,1984-11-01,1984-12-01,1.56,1.5625,-1,-0.5
1984,12,1984-12-01,1984-12-01,1985-01-01,1.31,1.5625,-1.25,-0.5
1985,1,1985-01-01,1985-01-01,1985-02-01,1.22,0.30333333333333334,-1.17,-0.5891666666666666
1985,2,1985-02-01,1985-02-01,1985-03-01,1.15,0.30333333333333334,-0.71,-0.5891666666666666
1985,3,1985-03-01,1985-03-01,1985-04-01,0.62,0.30333333333333334,-0.67,-0.5891666666666666
1985,4,1985-04-01,1985-04-01,1985-05-01,0.12,0.30333333333333334,-0.93,-0.5891666666666666
1985,5,1985-05-01,1985-05-01,1985-06-01,0.02,0.30333333333333334,-0.75,-0.5891666666666666
1985,6,1985-06-01,1985-06-01,1985-07-01,-0.05,0.30333333333333334,-0.65,-0.5891666666666666
1985,7,1985-07-01,1985-07-01,1985-08-01,0.06,0.30333333333333334,-0.47,-0.5891666666666666
1985,8,1985-08-01,1985-08-01,1985-09-01,0.03,0.30333333333333334,-0.35,-0.5891666666666666
1985,9,1985-09-01,1985-09-01,1985-10-01,0.22,0.30333333333333334,-0.55,-0.5891666666666666
1985,10,1985-10-01,1985-10-01,1985-11-01,-0.04,0.30333333333333334,-0.3,-0.5891666666666666
1985,11,1985-11-01,1985-11-01,1985-12-01,-0.03,0.30333333333333334,-0.2,-0.5891666666666666
1985,12,1985-12-01,1985-12-01,1986-01-01,0.32,0.30333333333333334,-0.32,-0.5891666666666666
1986,1,1986-01-01,1986-01-01,1986-02-01,0.47,1.0608333333333333,-0.56,0.2475
1986,2,1986-02-01,1986-02-01,1986-03-01,0.79,1.0608333333333333,-0.6,0.2475
1986,3,1986-03-01,1986-03-01,1986-04-01,1.34,1.0608333333333333,-0.26,0.2475
1986,4,1986-04-01,1986-04-01,1986-05-01,1.23,1.0608333333333333,-0.08,0.2475
1986,5,1986-05-01,1986-05-01,1986-06-01,1.07,1.0608333333333333,-0.27,0.2475
1986,6,1986-06-01,1986-06-01,1986-07-01,0.86,1.0608333333333333,-0.01,0.2475
1986,7,1986-07-01,1986-07-01,1986-08-01,0.77,1.0608333333333333,0.17,0.2475
1986,8,1986-08-01,1986-08-01,1986-09-01,1,1.0608333333333333,0.51,0.2475
1986,9,1986-09-01,1986-09-01,1986-10-01,1.06,1.0608333333333333,0.65,0.2475
1986,10,1986-10-01,1986-10-01,1986-11-01,1.15,1.0608333333333333,0.98,0.2475
1986,11,1986-11-01,1986-11-01,1986-12-01,1.39,1.0608333333333333,1.2,0.2475
1986,12,1986-12-01,1986-12-01,1987-01-01,1.6,1.0608333333333333,1.24,0.2475
1987,1,1987-01-01,1987-01-01,1987-02-01,1.37,1.5275,1.22,1.2791666666666666
1987,2,1987-02-01,1987-02-01,1987-03-01,1.26,1.5275,1.23,1.2791666666666666
1987,3,1987-03-01,1987-03-01,1987-04-01,1.33,1.5275,1.13,1.2791666666666666
1987,4,1987-04-01,1987-04-01,1987-05-01,1.29,1.5275,0.82,1.2791666666666666
1987,5,1987-05-01,1987-05-01,1987-06-01,1.35,1.5275,0.88,1.2791666666666666
1987,6,1987-06-01,1987-06-01,1987-07-01,1.3,1.5275,1.21,1.2791666666666666
1987,7,1987-07-01,1987-07-01,1987-08-01,1.43,1.5275,1.57,1.2791666666666666
1987,8,1987-08-01,1987-08-01,1987-09-01,1.8,1.5275,1.76,1.2791666666666666
1987,9,1987-09-01,1987-09-01,1987-10-01,2.15,1.5275,1.77,1.2791666666666666
1987,10,1987-10-01,1987-10-01,1987-11-01,1.96,1.5275,1.42,1.2791666666666666
1987,11,1987-11-01,1987-11-01,1987-12-01,1.79,1.5275,1.27,1.2791666666666666
1987,12,1987-12-01,1987-12-01,1988-01-01,1.3,1.5275,1.07,1.2791666666666666
1988,1,1988-01-01,1988-01-01,1988-02-01,0.6,0.46,0.99,-0.81
1988,2,1988-02-01,1988-02-01,1988-03-01,0.58,0.46,0.37,-0.81
1988,3,1988-03-01,1988-03-01,1988-04-01,0.77,0.46,0.25,-0.81
1988,4,1988-04-01,1988-04-01,1988-05-01,0.71,0.46,-0.19,-0.81
1988,5,1988-05-01,1988-05-01,1988-06-01,0.36,0.46,-1,-0.81
1988,6,1988-06-01,1988-06-01,1988-07-01,0.45,0.46,-1.44,-0.81
1988,7,1988-07-01,1988-07-01,1988-08-01,0.38,0.46,-1.45,-0.81
1988,8,1988-08-01,1988-08-01,1988-09-01,0.17,0.46,-0.99,-0.81
1988,9,1988-09-01,1988-09-01,1988-10-01,0.12,0.46,-0.87,-0.81
1988,10,1988-10-01,1988-10-01,1988-11-01,0.49,0.46,-1.71,-0.81
1988,11,1988-11-01,1988-11-01,1988-12-01,0.52,0.46,-1.85,-0.81
1988,12,1988-12-01,1988-12-01,1989-01-01,0.37,0.46,-1.83,-0.81
1989,1,1989-01-01,1989-01-01,1989-02-01,-0.37,-0.46249999999999997,-1.87,-0.6083333333333334
1989,2,1989-02-01,1989-02-01,1989-03-01,-0.41,-0.46249999999999997,-1.37,-0.6083333333333334
1989,3,1989-03-01,1989-03-01,1989-04-01,-0.41,-0.46249999999999997,-1.05,-0.6083333333333334
1989,4,1989-04-01,1989-04-01,1989-05-01,-0.33,-0.46249999999999997,-0.82,-0.6083333333333334
1989,5,1989-05-01,1989-05-01,1989-06-01,-0.48,-0.46249999999999997,-0.61,-0.6083333333333334
1989,6,1989-06-01,1989-06-01,1989-07-01,-0.45,-0.46249999999999997,-0.29,-0.6083333333333334
1989,7,1989-07-01,1989-07-01,1989-08-01,-0.49,-0.46249999999999997,-0.3,-0.6083333333333334
1989,8,1989-08-01,1989-08-01,1989-09-01,-0.62,-0.46249999999999997,-0.33,-0.6083333333333334
1989,9,1989-09-01,1989-09-01,1989-10-01,-0.58,-0.46249999999999997,-0.18,-0.6083333333333334
1989,10,1989-10-01,1989-10-01,1989-11-01,-0.66,-0.46249999999999997,-0.22,-0.6083333333333334
1989,11,1989-11-01,1989-11-01,1989-12-01,-0.6,-0.46249999999999997,-0.25,-0.6083333333333334
1989,12,1989-12-01,1989-12-01,1990-01-01,-0.15,-0.46249999999999997,-0.01,-0.6083333333333334
1990,1,1990-01-01,1990-01-01,1990-02-01,-0.25,-0.9516666666666667,0.11,0.31916666666666665
1990,2,1990-02-01,1990-02-01,1990-03-01,-0.65,-0.9516666666666667,0.31,0.31916666666666665
1990,3,1990-03-01,1990-03-01,1990-04-01,-1.04,-0.9516666666666667,0.2,0.31916666666666665
1990,4,1990-04-01,1990-04-01,1990-05-01,-1.03,-0.9516666666666667,0.33,0.31916666666666665
1990,5,1990-05-01,1990-05-01,1990-06-01,-0.87,-0.9516666666666667,0.34,0.31916666666666665
1990,6,1990-06-01,1990-06-01,1990-07-01,-1.01,-0.9516666666666667,0.21,0.31916666666666665
1990,7,1990-07-01,1990-07-01,1990-08-01,-1.23,-0.9516666666666667,0.37,0.31916666666666665
1990,8,1990-08-01,1990-08-01,1990-09-01,-1.07,-0.9516666666666667,0.42,0.31916666666666665
1990,9,1990-09-01,1990-09-01,1990-10-01,-1.15,-0.9516666666666667,0.35,0.31916666666666665
1990,10,1990-10-01,1990-10-01,1990-11-01,-1.01,-0.9516666666666667,0.4,0.31916666666666665
1990,11,1990-11-01,1990-11-01,1990-12-01,-0.95,-0.9516666666666667,0.31,0.31916666666666665
1990,12,1990-12-01,1990-12-01,1991-01-01,-1.16,-0.9516666666666667,0.48,0.31916666666666665
1991,1,1991-01-01,1991-01-01,1991-02-01,-1.2,-1.0816666666666666,0.45,0.6416666666666667
1991,2,1991-02-01,1991-02-01,1991-03-01,-0.84,-1.0816666666666666,0.29,0.6416666666666667
1991,3,1991-03-01,1991-03-01,1991-04-01,-0.95,-1.0816666666666666,0.05,0.6416666666666667
1991,4,1991-04-01,1991-04-01,1991-05-01,-1.33,-1.0816666666666666,0.32,0.6416666666666667
1991,5,1991-05-01,1991-05-01,1991-06-01,-1.3,-1.0816666666666666,0.4,0.6416666666666667
1991,6,1991-06-01,1991-06-01,1991-07-01,-1.5,-1.0816666666666666,0.65,0.6416666666666667
1991,7,1991-07-01,1991-07-01,1991-08-01,-1.4,-1.0816666666666666,0.86,0.6416666666666667
1991,8,1991-08-01,1991-08-01,1991-09-01,-1.02,-1.0816666666666666,0.69,0.6416666666666667
1991,9,1991-09-01,1991-09-01,1991-10-01,-1.18,-1.0816666666666666,0.36,0.6416666666666667
1991,10,1991-10-01,1991-10-01,1991-11-01,-0.94,-1.0816666666666666,0.82,0.6416666666666667
1991,11,1991-11-01,1991-11-01,1991-12-01,-0.65,-1.0816666666666666,1.19,0.6416666666666667
1991,12,1991-12-01,1991-12-01,1992-01-01,-0.67,-1.0816666666666666,1.62,0.6416666666666667
1992,1,1992-01-01,1992-01-01,1992-02-01,-0.68,0.07166666666666667,1.78,0.6266666666666667
1992,2,1992-02-01,1992-02-01,1992-03-01,-0.33,0.07166666666666667,1.74,0.6266666666666667
1992,3,1992-03-01,1992-03-01,1992-04-01,-0.14,0.07166666666666667,1.38,0.6266666666666667
1992,4,1992-04-01,1992-04-01,1992-05-01,0.05,0.07166666666666667,1.32,0.6266666666666667
1992,5,1992-05-01,1992-05-01,1992-06-01,0.17,0.07166666666666667,1.16,0.6266666666666667
1992,6,1992-06-01,1992-06-01,1992-07-01,0.17,0.07166666666666667,0.7,0.6266666666666667
1992,7,1992-07-01,1992-07-01,1992-08-01,0.23,0.07166666666666667,0.33,0.6266666666666667
1992,8,1992-08-01,1992-08-01,1992-09-01,0.1,0.07166666666666667,0.07,0.6266666666666667
1992,9,1992-09-01,1992-09-01,1992-10-01,0.19,0.07166666666666667,-0.13,0.6266666666666667
1992,10,1992-10-01,1992-10-01,1992-11-01,0.43,0.07166666666666667,-0.34,0.6266666666666667
1992,11,1992-11-01,1992-11-01,1992-12-01,0.5,0.07166666666666667,-0.28,0.6266666666666667
1992,12,1992-12-01,1992-12-01,1993-01-01,0.17,0.07166666666666667,-0.21,0.6266666666666667
1993,1,1993-01-01,1993-01-01,1993-02-01,-0.19,0.6508333333333334,0.1,0.32333333333333336
1993,2,1993-02-01,1993-02-01,1993-03-01,0.13,0.6508333333333334,0.38,0.32333333333333336
1993,3,1993-03-01,1993-03-01,1993-04-01,0.22,0.6508333333333334,0.4,0.32333333333333336
1993,4,1993-04-01,1993-04-01,1993-05-01,0.26,0.6508333333333334,0.71,0.32333333333333336
1993,5,1993-05-01,1993-05-01,1993-06-01,0.37,0.6508333333333334,0.91,0.32333333333333336
1993,6,1993-06-01,1993-06-01,1993-07-01,0.67,0.6508333333333334,0.48,0.32333333333333336
1993,7,1993-07-01,1993-07-01,1993-08-01,0.72,0.6508333333333334,0.33,0.32333333333333336
1993,8,1993-08-01,1993-08-01,1993-09-01,1.02,0.6508333333333334,0.15,0.32333333333333336
1993,9,1993-09-01,1993-09-01,1993-10-01,1.1,0.6508333333333334,0.29,0.32333333333333336
1993,10,1993-10-01,1993-10-01,1993-11-01,1.26,0.6508333333333334,0.02,0.32333333333333336
1993,11,1993-11-01,1993-11-01,1993-12-01,1.36,0.6508333333333334,0.01,0.32333333333333336
1993,12,1993-12-01,1993-12-01,1994-01-01,0.89,0.6508333333333334,0.1,0.32333333333333336
1994,1,1994-01-01,1994-01-01,1994-02-01,0.58,0.06166666666666666,0.06,0.48
1994,2,1994-02-01,1994-02-01,1994-03-01,0.22,0.06166666666666666,0.03,0.48
1994,3,1994-03-01,1994-03-01,1994-04-01,0.08,0.06166666666666666,0.11,0.48
1994,4,1994-04-01,1994-04-01,1994-05-01,0.08,0.06166666666666666,0.38,0.48
1994,5,1994-05-01,1994-05-01,1994-06-01,0.15,0.06166666666666666,0.43,0.48
1994,6,1994-06-01,1994-06-01,1994-07-01,0.14,0.06166666666666666,0.44,0.48
1994,7,1994-07-01,1994-07-01,1994-08-01,0.06,0.06166666666666666,0.35,0.48
1994,8,1994-08-01,1994-08-01,1994-09-01,-0.04,0.06166666666666666,0.54,0.48
1994,9,1994-09-01,1994-09-01,1994-10-01,-0.08,0.06166666666666666,0.41,0.48
1994,10,1994-10-01,1994-10-01,1994-11-01,0.12,0.06166666666666666,0.71,0.48
1994,11,1994-11-01,1994-11-01,1994-12-01,-0.12,0.06166666666666666,1.11,0.48
1994,12,1994-12-01,1994-12-01,1995-01-01,-0.45,0.06166666666666666,1.19,0.48
1995,1,1995-01-01,1995-01-01,1995-02-01,-0.28,0.4175,0.98,-0.17083333333333336
1995,2,1995-02-01,1995-02-01,1995-03-01,0.15,0.4175,0.71,-0.17083333333333336
1995,3,1995-03-01,1995-03-01,1995-04-01,0.38,0.4175,0.48,-0.17083333333333336
1995,4,1995-04-01,1995-04-01,1995-05-01,0.4,0.4175,0.41,-0.17083333333333336
1995,5,1995-05-01,1995-05-01,1995-06-01,0.56,0.4175,0.02,-0.17083333333333336
1995,6,1995-06-01,1995-06-01,1995-07-01,0.65,0.4175,-0.01,-0.17083333333333336
1995,7,1995-07-01,1995-07-01,1995-08-01,0.82,0.4175,-0.11,-0.17083333333333336
1995,8,1995-08-01,1995-08-01,1995-09-01,0.48,0.4175,-0.61,-0.17083333333333336
1995,9,1995-09-01,1995-09-01,1995-10-01,0.5,0.4175,-0.9,-0.17083333333333336
1995,10,1995-10-01,1995-10-01,1995-11-01,0.22,0.4175,-0.92,-0.17083333333333336
1995,11,1995-11-01,1995-11-01,1995-12-01,0.25,0.4175,-1.1,-0.17083333333333336
1995,12,1995-12-01,1995-12-01,1996-01-01,0.88,0.4175,-1,-0.17083333333333336
1996,1,1996-01-01,1996-01-01,1996-02-01,1.15,1.1341666666666665,-0.86,-0.45916666666666667
1996,2,1996-02-01,1996-02-01,1996-03-01,0.97,1.1341666666666665,-0.85,-0.45916666666666667
1996,3,1996-03-01,1996-03-01,1996-04-01,0.98,1.1341666666666665,-0.56,-0.45916666666666667
1996,4,1996-04-01,1996-04-01,1996-05-01,1.14,1.1341666666666665,-0.36,-0.45916666666666667
1996,5,1996-05-01,1996-05-01,1996-06-01,1.31,1.1341666666666665,-0.26,-0.45916666666666667
1996,6,1996-06-01,1996-06-01,1996-07-01,1.28,1.1341666666666665,-0.3,-0.45916666666666667
1996,7,1996-07-01,1996-07-01,1996-08-01,1.31,1.1341666666666665,-0.32,-0.45916666666666667
1996,8,1996-08-01,1996-08-01,1996-09-01,1.14,1.1341666666666665,-0.2,-0.45916666666666667
1996,9,1996-09-01,1996-09-01,1996-10-01,1.15,1.1341666666666665,-0.45,-0.45916666666666667
1996,10,1996-10-01,1996-10-01,1996-11-01,1.28,1.1341666666666665,-0.4,-0.45916666666666667
1996,11,1996-11-01,1996-11-01,1996-12-01,1,1.1341666666666665,-0.34,-0.45916666666666667
1996,12,1996-12-01,1996-12-01,1997-01-01,0.9,1.1341666666666665,-0.61,-0.45916666666666667
1997,1,1997-01-01,1997-01-01,1997-02-01,1.12,1.2016666666666667,-0.54,1.1708333333333334
1997,2,1997-02-01,1997-02-01,1997-03-01,1.2,1.2016666666666667,-0.36,1.1708333333333334
1997,3,1997-03-01,1997-03-01,1997-04-01,0.94,1.2016666666666667,-0.2,1.1708333333333334
1997,4,1997-04-01,1997-04-01,1997-05-01,1.06,1.2016666666666667,0.27,1.1708333333333334
1997,5,1997-05-01,1997-05-01,1997-06-01,1.17,1.2016666666666667,0.76,1.1708333333333334
1997,6,1997-06-01,1997-06-01,1997-07-01,1.28,1.2016666666666667,1.22,1.1708333333333334
1997,7,1997-07-01,1997-07-01,1997-08-01,1.25,1.2016666666666667,1.67,1.1708333333333334
1997,8,1997-08-01,1997-08-01,1997-09-01,1.52,1.2016666666666667,1.91,1.1708333333333334
1997,9,1997-09-01,1997-09-01,1997-10-01,1.32,1.2016666666666667,2.12,1.1708333333333334
1997,10,1997-10-01,1997-10-01,1997-11-01,1.07,1.2016666666666667,2.4,1.1708333333333334
1997,11,1997-11-01,1997-11-01,1997-12-01,1.31,1.2016666666666667,2.48,1.1708333333333334
1997,12,1997-12-01,1997-12-01,1998-01-01,1.18,1.2016666666666667,2.32,1.1708333333333334
1998,1,1998-01-01,1998-01-01,1998-02-01,0.95,0.8166666666666667,2.37,-0.05499999999999999
1998,2,1998-02-01,1998-02-01,1998-03-01,1.44,0.8166666666666667,2.03,-0.05499999999999999
1998,3,1998-03-01,1998-03-01,1998-04-01,1.31,0.8166666666666667,1.38,-0.05499999999999999
1998,4,1998-04-01,1998-04-01,1998-05-01,1.07,0.8166666666666667,0.9,-0.05499999999999999
1998,5,1998-05-01,1998-05-01,1998-06-01,0.9,0.8166666666666667,0.7,-0.05499999999999999
1998,6,1998-06-01,1998-06-01,1998-07-01,0.95,0.8166666666666667,-0.24,-0.05499999999999999
1998,7,1998-07-01,1998-07-01,1998-08-01,0.85,0.8166666666666667,-0.86,-0.05499999999999999
1998,8,1998-08-01,1998-08-01,1998-09-01,0.81,0.8166666666666667,-1.25,-0.05499999999999999
1998,9,1998-09-01,1998-09-01,1998-10-01,0.64,0.8166666666666667,-1.26,-0.05499999999999999
1998,10,1998-10-01,1998-10-01,1998-11-01,0.38,0.8166666666666667,-1.41,-0.05499999999999999
1998,11,1998-11-01,1998-11-01,1998-12-01,0.39,0.8166666666666667,-1.38,-0.05499999999999999
1998,12,1998-12-01,1998-12-01,1999-01-01,0.11,0.8166666666666667,-1.64,-0.05499999999999999
1999,1,1999-01-01,1999-01-01,1999-02-01,0.03,-1.0883333333333334,-1.69,-1.2241666666666666
1999,2,1999-02-01,1999-02-01,1999-03-01,-0.69,-1.0883333333333334,-1.31,-1.2241666666666666
1999,3,1999-03-01,1999-03-01,1999-04-01,-0.91,-1.0883333333333334,-0.9,-1.2241666666666666
1999,4,1999-04-01,1999-04-01,1999-05-01,-1,-1.0883333333333334,-1,-1.2241666666666666
1999,5,1999-05-01,1999-05-01,1999-06-01,-1.23,-1.0883333333333334,-1.02,-1.2241666666666666
1999,6,1999-06-01,1999-06-01,1999-07-01,-1.58,-1.0883333333333334,-1.05,-1.2241666666666666
1999,7,1999-07-01,1999-07-01,1999-08-01,-1.59,-1.0883333333333334,-1.05,-1.2241666666666666
1999,8,1999-08-01,1999-08-01,1999-09-01,-1.17,-1.0883333333333334,-1.19,-1.2241666666666666
1999,9,1999-09-01,1999-09-01,1999-10-01,-1.06,-1.0883333333333334,-1.09,-1.2241666666666666
1999,10,1999-10-01,1999-10-01,1999-11-01,-1.2,-1.0883333333333334,-1.19,-1.2241666666666666
1999,11,1999-11-01,1999-11-01,1999-12-01,-1.31,-1.0883333333333334,-1.5,-1.2241666666666666
1999,12,1999-12-01,1999-12-01,2000-01-01,-1.35,-1.0883333333333334,-1.7,-1.2241666666666666
2000,1,2000-01-01,2000-01-01,2000-02-01,-1.57,-0.9933333333333334,-1.77,-0.845
2000,2,2000-02-01,2000-02-01,2000-03-01,-1.6,-0.9933333333333334,-1.53,-0.845
2000,3,2000-03-01,2000-03-01,2000-04-01,-1.22,-0.9933333333333334,-0.93,-0.845
2000,4,2000-04-01,2000-04-01,2000-05-01,-0.91,-0.9933333333333334,-0.75,-0.845
2000,5,2000-05-01,2000-05-01,2000-06-01,-0.75,-0.9933333333333334,-0.74,-0.845
2000,6,2000-06-01,2000-06-01,2000-07-01,-0.86,-0.9933333333333334,-0.64,-0.845
2000,7,2000-07-01,2000-07-01,2000-08-01,-0.75,-0.9933333333333334,-0.55,-0.845
2000,8,2000-08-01,2000-08-01,2000-09-01,-0.63,-0.9933333333333334,-0.47,-0.845
2000,9,2000-09-01,2000-09-01,2000-10-01,-0.66,-0.9933333333333334,-0.52,-0.845
2000,10,2000-10-01,2000-10-01,2000-11-01,-0.77,-0.9933333333333334,-0.65,-0.845
2000,11,2000-11-01,2000-11-01,2000-12-01,-1.27,-0.9933333333333334,-0.71,-0.845
2000,12,2000-12-01,2000-12-01,2001-01-01,-0.93,-0.9933333333333334,-0.88,-0.845
2001,1,2001-01-01,2001-01-01,2001-02-01,-0.57,-0.7208333333333333,-0.63,-0.31083333333333335
2001,2,2001-02-01,2001-02-01,2001-03-01,-0.81,-0.7208333333333333,-0.53,-0.31083333333333335
2001,3,2001-03-01,2001-03-01,2001-04-01,-0.67,-0.7208333333333333,-0.39,-0.31083333333333335
2001,4,2001-04-01,2001-04-01,2001-05-01,-0.75,-0.7208333333333333,-0.39,-0.31083333333333335
2001,5,2001-05-01,2001-05-01,2001-06-01,-0.86,-0.7208333333333333,-0.24,-0.31083333333333335
2001,6,2001-06-01,2001-06-01,2001-07-01,-0.84,-0.7208333333333333,-0.11,-0.31083333333333335
2001,7,2001-07-01,2001-07-01,2001-08-01,-0.81,-0.7208333333333333,-0.01,-0.31083333333333335
2001,8,2001-08-01,2001-08-01,2001-09-01,-0.5,-0.7208333333333333,-0.1,-0.31083333333333335
2001,9,2001-09-01,2001-09-01,2001-10-01,-0.6,-0.7208333333333333,-0.28,-0.31083333333333335
2001,10,2001-10-01,2001-10-01,2001-11-01,-0.64,-0.7208333333333333,-0.18,-0.31083333333333335
2001,11,2001-11-01,2001-11-01,2001-12-01,-0.64,-0.7208333333333333,-0.41,-0.31083333333333335
2001,12,2001-12-01,2001-12-01,2002-01-01,-0.96,-0.7208333333333333,-0.46,-0.31083333333333335
2002,1,2002-01-01,2002-01-01,2002-02-01,-0.8,-0.8566666666666667,-0.05,0.66
2002,2,2002-02-01,2002-02-01,2002-03-01,-1.03,-0.8566666666666667,0.06,0.66
2002,3,2002-03-01,2002-03-01,2002-04-01,-1.08,-0.8566666666666667,0.09,0.66
2002,4,2002-04-01,2002-04-01,2002-05-01,-1.03,-0.8566666666666667,0.12,0.66
2002,5,2002-05-01,2002-05-01,2002-06-01,-1.15,-0.8566666666666667,0.4,0.66
2002,6,2002-06-01,2002-06-01,2002-07-01,-0.98,-0.8566666666666667,0.79,0.66
2002,7,2002-07-01,2002-07-01,2002-08-01,-1.08,-0.8566666666666667,0.77,0.66
2002,8,2002-08-01,2002-08-01,2002-09-01,-0.94,-0.8566666666666667,0.81,0.66
2002,9,2002-09-01,2002-09-01,2002-10-01,-0.75,-0.8566666666666667,1.01,0.66
2002,10,2002-10-01,2002-10-01,2002-11-01,-0.73,-0.8566666666666667,1.2,0.66
2002,11,2002-11-01,2002-11-01,2002-12-01,-0.45,-0.8566666666666667,1.41,0.66
2002,12,2002-12-01,2002-12-01,2003-01-01,-0.26,-0.8566666666666667,1.31,0.66
2003,1,2003-01-01,2003-01-01,2003-02-01,-0.01,0.12416666666666668,0.7,0.23249999999999998
2003,2,2003-02-01,2003-02-01,2003-03-01,0.18,0.12416666666666668,0.74,0.23249999999999998
2003,3,2003-03-01,2003-03-01,2003-04-01,0.36,0.12416666666666668,0.45,0.23249999999999998
2003,4,2003-04-01,2003-04-01,2003-05-01,0.4,0.12416666666666668,-0.05,0.23249999999999998
2003,5,2003-05-01,2003-05-01,2003-06-01,0.28,0.12416666666666668,-0.52,0.23249999999999998
2003,6,2003-06-01,2003-06-01,2003-07-01,0.22,0.12416666666666668,-0.21,0.23249999999999998
2003,7,2003-07-01,2003-07-01,2003-08-01,0.17,0.12416666666666668,0.24,0.23249999999999998
2003,8,2003-08-01,2003-08-01,2003-09-01,-0.06,0.12416666666666668,0.2,0.23249999999999998
2003,9,2003-09-01,2003-09-01,2003-10-01,-0.19,0.12416666666666668,0.19,0.23249999999999998
2003,10,2003-10-01,2003-10-01,2003-11-01,0.18,0.12416666666666668,0.38,0.23249999999999998
2003,11,2003-11-01,2003-11-01,2003-12-01,0.03,0.12416666666666668,0.29,0.23249999999999998
2003,12,2003-12-01,2003-12-01,2004-01-01,-0.07,0.12416666666666668,0.38,0.23249999999999998
2004,1,2004-01-01,2004-01-01,2004-02-01,0.13,-0.033333333333333326,0.38,0.445
2004,2,2004-02-01,2004-02-01,2004-03-01,0.14,-0.033333333333333326,0.34,0.445
2004,3,2004-03-01,2004-03-01,2004-04-01,0.02,-0.033333333333333326,0.21,0.445
2004,4,2004-04-01,2004-04-01,2004-05-01,-0.12,-0.033333333333333326,0.16,0.445
2004,5,2004-05-01,2004-05-01,2004-06-01,0.23,-0.033333333333333326,0.14,0.445
2004,6,2004-06-01,2004-06-01,2004-07-01,0.21,-0.033333333333333326,0.2,0.445
2004,7,2004-07-01,2004-07-01,2004-08-01,-0.03,-0.033333333333333326,0.51,0.445
2004,8,2004-08-01,2004-08-01,2004-09-01,0.06,-0.033333333333333326,0.7,0.445
2004,9,2004-09-01,2004-09-01,2004-10-01,0.01,-0.033333333333333326,0.72,0.445
2004,10,2004-10-01,2004-10-01,2004-11-01,-0.29,-0.033333333333333326,0.68,0.445
2004,11,2004-11-01,2004-11-01,2004-12-01,-0.47,-0.033333333333333326,0.61,0.445
2004,12,2004-12-01,2004-12-01,2005-01-01,-0.29,-0.033333333333333326,0.69,0.445
2005,1,2005-01-01,2005-01-01,2005-02-01,-0.26,0.018333333333333333,0.76,0.04166666666666667
2005,2,2005-02-01,2005-02-01,2005-03-01,-0.01,0.018333333333333333,0.46,0.04166666666666667
2005,3,2005-03-01,2005-03-01,2005-04-01,0,0.018333333333333333,0.53,0.04166666666666667
2005,4,2005-04-01,2005-04-01,2005-05-01,0.05,0.018333333333333333,0.35,0.04166666666666667
2005,5,2005-05-01,2005-05-01,2005-06-01,0.18,0.018333333333333333,0.39,0.04166666666666667
2005,6,2005-06-01,2005-06-01,2005-07-01,0.14,0.018333333333333333,0.12,0.04166666666666667
2005,7,2005-07-01,2005-07-01,2005-08-01,0.29,0.018333333333333333,-0.19,0.04166666666666667
2005,8,2005-08-01,2005-08-01,2005-09-01,0.23,0.018333333333333333,-0.1,0.04166666666666667
2005,9,2005-09-01,2005-09-01,2005-10-01,-0.04,0.018333333333333333,-0.11,0.04166666666666667
2005,10,2005-10-01,2005-10-01,2005-11-01,-0.25,0.018333333333333333,-0.1,0.04166666666666667
2005,11,2005-11-01,2005-11-01,2005-12-01,-0.19,0.018333333333333333,-0.64,0.04166666666666667
2005,12,2005-12-01,2005-12-01,2006-01-01,0.08,0.018333333333333333,-0.97,0.04166666666666667
2006,1,2006-01-01,2006-01-01,2006-02-01,-0.01,-0.5166666666666666,-0.81,0.11416666666666668
2006,2,2006-02-01,2006-02-01,2006-03-01,-0.19,-0.5166666666666666,-0.57,0.11416666666666668
2006,3,2006-03-01,2006-03-01,2006-04-01,-0.56,-0.5166666666666666,-0.62,0.11416666666666668
2006,4,2006-04-01,2006-04-01,2006-05-01,-0.44,-0.5166666666666666,-0.22,0.11416666666666668
2006,5,2006-05-01,2006-05-01,2006-06-01,-0.57,-0.5166666666666666,0,0.11416666666666668
2006,6,2006-06-01,2006-06-01,2006-07-01,-0.57,-0.5166666666666666,0.08,0.11416666666666668
2006,7,2006-07-01,2006-07-01,2006-08-01,-0.52,-0.5166666666666666,0.04,0.11416666666666668
2006,8,2006-08-01,2006-08-01,2006-09-01,-0.74,-0.5166666666666666,0.25,0.11416666666666668
2006,9,2006-09-01,2006-09-01,2006-10-01,-0.82,-0.5166666666666666,0.52,0.11416666666666668
2006,10,2006-10-01,2006-10-01,2006-11-01,-0.59,-0.5166666666666666,0.66,0.11416666666666668
2006,11,2006-11-01,2006-11-01,2006-12-01,-0.61,-0.5166666666666666,0.95,0.11416666666666668
2006,12,2006-12-01,2006-12-01,2007-01-01,-0.58,-0.5166666666666666,1.09,0.11416666666666668
2007,1,2007-01-01,2007-01-01,2007-02-01,-1.01,-0.9416666666666667,0.8,-0.5908333333333333
2007,2,2007-02-01,2007-02-01,2007-03-01,-1.09,-0.9416666666666667,0.23,-0.5908333333333333
2007,3,2007-03-01,2007-03-01,2007-04-01,-1.19,-0.9416666666666667,-0.09,-0.5908333333333333
2007,4,2007-04-01,2007-04-01,2007-05-01,-0.93,-0.9416666666666667,-0.22,-0.5908333333333333
2007,5,2007-05-01,2007-05-01,2007-06-01,-0.86,-0.9416666666666667,-0.38,-0.5908333333333333
2007,6,2007-06-01,2007-06-01,2007-07-01,-0.68,-0.9416666666666667,-0.28,-0.5908333333333333
2007,7,2007-07-01,2007-07-01,2007-08-01,-0.63,-0.9416666666666667,-0.55,-0.5908333333333333
2007,8,2007-08-01,2007-08-01,2007-09-01,-0.79,-0.9416666666666667,-0.77,-0.5908333333333333
2007,9,2007-09-01,2007-09-01,2007-10-01,-0.8,-0.9416666666666667,-1.19,-0.5908333333333333
2007,10,2007-10-01,2007-10-01,2007-11-01,-1.11,-0.9416666666666667,-1.43,-0.5908333333333333
2007,11,2007-11-01,2007-11-01,2007-12-01,-1.17,-0.9416666666666667,-1.58,-0.5908333333333333
2007,12,2007-12-01,2007-12-01,2008-01-01,-1.04,-0.9416666666666667,-1.63,-0.5908333333333333
2008,1,2008-01-01,2008-01-01,2008-02-01,-1.36,-1.5,-1.58,-0.7583333333333333
2008,2,2008-02-01,2008-02-01,2008-03-01,-1.59,-1.5,-1.56,-0.7583333333333333
2008,3,2008-03-01,2008-03-01,2008-04-01,-1.31,-1.5,-1.12,-0.7583333333333333
2008,4,2008-04-01,2008-04-01,2008-05-01,-1.43,-1.5,-0.9,-0.7583333333333333
2008,5,2008-05-01,2008-05-01,2008-06-01,-1.39,-1.5,-0.75,-0.7583333333333333
2008,6,2008-06-01,2008-06-01,2008-07-01,-1.5,-1.5,-0.61,-0.7583333333333333
2008,7,2008-07-01,2008-07-01,2008-08-01,-1.66,-1.5,-0.27,-0.7583333333333333
2008,8,2008-08-01,2008-08-01,2008-09-01,-1.57,-1.5,-0.18,-0.7583333333333333
2008,9,2008-09-01,2008-09-01,2008-10-01,-1.64,-1.5,-0.33,-0.7583333333333333
2008,10,2008-10-01,2008-10-01,2008-11-01,-1.52,-1.5,-0.39,-0.7583333333333333
2008,11,2008-11-01,2008-11-01,2008-12-01,-1.55,-1.5,-0.5,-0.7583333333333333
2008,12,2008-12-01,2008-12-01,2009-01-01,-1.48,-1.5,-0.91,-0.7583333333333333
2009,1,2009-01-01,2009-01-01,2009-02-01,-1.72,-1.935,-0.79,0.3125
2009,2,2009-02-01,2009-02-01,2009-03-01,-2.09,-1.935,-0.69,0.3125
2009,3,2009-03-01,2009-03-01,2009-04-01,-2.5,-1.935,-0.61,0.3125
2009,4,2009-04-01,2009-04-01,2009-05-01,-2.4,-1.935,-0.26,0.3125
2009,5,2009-05-01,2009-05-01,2009-06-01,-2.22,-1.935,0.15,0.3125
2009,6,2009-06-01,2009-06-01,2009-07-01,-1.95,-1.935,0.39,0.3125
2009,7,2009-07-01,2009-07-01,2009-08-01,-1.9,-1.935,0.52,0.3125
2009,8,2009-08-01,2009-08-01,2009-09-01,-2.15,-1.935,0.51,0.3125
2009,9,2009-09-01,2009-09-01,2009-10-01,-1.79,-1.935,0.6,0.3125
2009,10,2009-10-01,2009-10-01,2009-11-01,-1.49,-1.935,0.85,0.3125
2009,11,2009-11-01,2009-11-01,2009-12-01,-1.64,-1.935,1.4,0.3125
2009,12,2009-12-01,2009-12-01,2010-01-01,-1.37,-1.935,1.68,0.3125
2010,1,2010-01-01,2010-01-01,2010-02-01,-1.05,-1.2475,1.61,-0.4616666666666666
2010,2,2010-02-01,2010-02-01,2010-03-01,-0.89,-1.2475,1.35,-0.4616666666666666
2010,3,2010-03-01,2010-03-01,2010-04-01,-1.25,-1.2475,0.98,-0.4616666666666666
2010,4,2010-04-01,2010-04-01,2010-05-01,-1.22,-1.2475,0.48,-0.4616666666666666
2010,5,2010-05-01,2010-05-01,2010-06-01,-1.02,-1.2475,-0.13,-0.4616666666666666
2010,6,2010-06-01,2010-06-01,2010-07-01,-1.1,-1.2475,-0.61,-0.4616666666666666
2010,7,2010-07-01,2010-07-01,2010-08-01,-1.15,-1.2475,-1.04,-0.4616666666666666
2010,8,2010-08-01,2010-08-01,2010-09-01,-1.43,-1.2475,-1.44,-0.4616666666666666
2010,9,2010-09-01,2010-09-01,2010-10-01,-1.55,-1.2475,-1.67,-0.4616666666666666
2010,10,2010-10-01,2010-10-01,2010-11-01,-1.44,-1.2475,-1.73,-0.4616666666666666
2010,11,2010-11-01,2010-11-01,2010-12-01,-1.38,-1.2475,-1.69,-0.4616666666666666
2010,12,2010-12-01,2010-12-01,2011-01-01,-1.49,-1.2475,-1.65,-0.4616666666666666
2011,1,2011-01-01,2011-01-01,2011-02-01,-1.38,-1.4558333333333333,-1.44,-0.8391666666666666
2011,2,2011-02-01,2011-02-01,2011-03-01,-1.24,-1.4558333333333333,-1,-0.8391666666666666
2011,3,2011-03-01,2011-03-01,2011-04-01,-1.36,-1.4558333333333333,-0.83,-0.8391666666666666
2011,4,2011-04-01,2011-04-01,2011-05-01,-1.13,-1.4558333333333333,-0.67,-0.8391666666666666
2011,5,2011-05-01,2011-05-01,2011-06-01,-1.24,-1.4558333333333333,-0.43,-0.8391666666666666
2011,6,2011-06-01,2011-06-01,2011-07-01,-1.21,-1.4558333333333333,-0.3,-0.8391666666666666
2011,7,2011-07-01,2011-07-01,2011-08-01,-1.42,-1.4558333333333333,-0.39,-0.8391666666666666
2011,8,2011-08-01,2011-08-01,2011-09-01,-1.49,-1.4558333333333333,-0.7,-0.8391666666666666
2011,9,2011-09-01,2011-09-01,2011-10-01,-1.69,-1.4558333333333333,-0.88,-0.8391666666666666
2011,10,2011-10-01,2011-10-01,2011-11-01,-1.67,-1.4558333333333333,-1.09,-0.8391666666666666
2011,11,2011-11-01,2011-11-01,2011-12-01,-1.78,-1.4558333333333333,-1.23,-0.8391666666666666
2011,12,2011-12-01,2011-12-01,2012-01-01,-1.86,-1.4558333333333333,-1.11,-0.8391666666666666
2012,1,2012-01-01,2012-01-01,2012-02-01,-1.97,-1.8833333333333333,-0.77,-0.11416666666666667
2012,2,2012-02-01,2012-02-01,2012-03-01,-1.84,-1.8833333333333333,-0.57,-0.11416666666666667
2012,3,2012-03-01,2012-03-01,2012-04-01,-2.14,-1.8833333333333333,-0.52,-0.11416666666666667
2012,4,2012-04-01,2012-04-01,2012-05-01,-2.13,-1.8833333333333333,-0.4,-0.11416666666666667
2012,5,2012-05-01,2012-05-01,2012-06-01,-1.96,-1.8833333333333333,-0.23,-0.11416666666666667
2012,6,2012-06-01,2012-06-01,2012-07-01,-1.87,-1.8833333333333333,0.1,-0.11416666666666667
2012,7,2012-07-01,2012-07-01,2012-08-01,-1.92,-1.8833333333333333,0.28,-0.11416666666666667
2012,8,2012-08-01,2012-08-01,2012-09-01,-2,-1.8833333333333333,0.41,-0.11416666666666667
2012,9,2012-09-01,2012-09-01,2012-10-01,-1.98,-1.8833333333333333,0.3,-0.11416666666666667
2012,10,2012-10-01,2012-10-01,2012-11-01,-1.84,-1.8833333333333333,0.22,-0.11416666666666667
2012,11,2012-11-01,2012-11-01,2012-12-01,-1.58,-1.8833333333333333,0.11,-0.11416666666666667
2012,12,2012-12-01,2012-12-01,2013-01-01,-1.37,-1.8833333333333333,-0.3,-0.11416666666666667
2013,1,2013-01-01,2013-01-01,2013-02-01,-1.48,-1.53,-0.43,-0.29333333333333333
2013,2,2013-02-01,2013-02-01,2013-03-01,-1.58,-1.53,-0.41,-0.29333333333333333
2013,3,2013-03-01,2013-03-01,2013-04-01,-1.84,-1.53,-0.16,-0.29333333333333333
2013,4,2013-04-01,2013-04-01,2013-05-01,-1.71,-1.53,-0.15,-0.29333333333333333
2013,5,2013-05-01,2013-05-01,2013-06-01,-1.52,-1.53,-0.31,-0.29333333333333333
2013,6,2013-06-01,2013-06-01,2013-07-01,-1.5,-1.53,-0.35,-0.29333333333333333
2013,7,2013-07-01,2013-07-01,2013-08-01,-1.85,-1.53,-0.36,-0.29333333333333333
2013,8,2013-08-01,2013-08-01,2013-09-01,-1.61,-1.53,-0.44,-0.29333333333333333
2013,9,2013-09-01,2013-09-01,2013-10-01,-1.23,-1.53,-0.26,-0.29333333333333333
2013,10,2013-10-01,2013-10-01,2013-11-01,-1.41,-1.53,-0.24,-0.29333333333333333
2013,11,2013-11-01,2013-11-01,2013-12-01,-1.37,-1.53,-0.19,-0.29333333333333333
2013,12,2013-12-01,2013-12-01,2014-01-01,-1.26,-1.53,-0.22,-0.29333333333333333
2014,1,2014-01-01,2014-01-01,2014-02-01,-0.84,-0.25083333333333335,-0.39,0.13999999999999999
2014,2,2014-02-01,2014-02-01,2014-03-01,-0.76,-0.25083333333333335,-0.51,0.13999999999999999
2014,3,2014-03-01,2014-03-01,2014-04-01,-0.62,-0.25083333333333335,-0.19,0.13999999999999999
2014,4,2014-04-01,2014-04-01,2014-05-01,-0.54,-0.25083333333333335,0.18,0.13999999999999999
2014,5,2014-05-01,2014-05-01,2014-06-01,-0.38,-0.25083333333333335,0.41,0.13999999999999999
2014,6,2014-06-01,2014-06-01,2014-07-01,-0.45,-0.25083333333333335,0.31,0.13999999999999999
2014,7,2014-07-01,2014-07-01,2014-08-01,-0.44,-0.25083333333333335,-0.03,0.13999999999999999
2014,8,2014-08-01,2014-08-01,2014-09-01,-0.19,-0.25083333333333335,-0.08,0.13999999999999999
2014,9,2014-09-01,2014-09-01,2014-10-01,0.19,-0.25083333333333335,0.21,0.13999999999999999
2014,10,2014-10-01,2014-10-01,2014-11-01,0.4,-0.25083333333333335,0.4,0.13999999999999999
2014,11,2014-11-01,2014-11-01,2014-12-01,0.33,-0.25083333333333335,0.71,0.13999999999999999
2014,12,2014-12-01,2014-12-01,2015-01-01,0.29,-0.25083333333333335,0.66,0.13999999999999999
2015,1,2015-01-01,2015-01-01,2015-02-01,0.18,0.2891666666666667,0.61,1.485
2015,2,2015-02-01,2015-02-01,2015-03-01,0.49,0.2891666666666667,0.52,1.485
2015,3,2015-03-01,2015-03-01,2015-04-01,0.44,0.2891666666666667,0.56,1.485
2015,4,2015-04-01,2015-04-01,2015-05-01,0.48,0.2891666666666667,0.79,1.485
2015,5,2015-05-01,2015-05-01,2015-06-01,0.32,0.2891666666666667,1.01,1.485
2015,6,2015-06-01,2015-06-01,2015-07-01,0.18,0.2891666666666667,1.25,1.485
2015,7,2015-07-01,2015-07-01,2015-08-01,-0.02,0.2891666666666667,1.49,1.485
2015,8,2015-08-01,2015-08-01,2015-09-01,0.17,0.2891666666666667,1.88,1.485
2015,9,2015-09-01,2015-09-01,2015-10-01,0.42,0.2891666666666667,2.12,1.485
2015,10,2015-10-01,2015-10-01,2015-11-01,0.51,0.2891666666666667,2.32,1.485
2015,11,2015-11-01,2015-11-01,2015-12-01,0.18,0.2891666666666667,2.67,1.485
2015,12,2015-12-01,2015-12-01,2016-01-01,0.12,0.2891666666666667,2.6,1.485
2016,1,2016-01-01,2016-01-01,2016-02-01,-0.11,0.12333333333333334,2.66,0.35666666666666663
2016,2,2016-02-01,2016-02-01,2016-03-01,0.08,0.12333333333333334,2.34,0.35666666666666663
2016,3,2016-03-01,2016-03-01,2016-04-01,0.31,0.12333333333333334,1.7,0.35666666666666663
2016,4,2016-04-01,2016-04-01,2016-05-01,0.31,0.12333333333333334,0.99,0.35666666666666663
2016,5,2016-05-01,2016-05-01,2016-06-01,0.26,0.12333333333333334,0.39,0.35666666666666663
2016,6,2016-06-01,2016-06-01,2016-07-01,0.29,0.12333333333333334,0.05,0.35666666666666663
2016,7,2016-07-01,2016-07-01,2016-08-01,0.03,0.12333333333333334,-0.44,0.35666666666666663
2016,8,2016-08-01,2016-08-01,2016-09-01,0.05,0.12333333333333334,-0.63,0.35666666666666663
2016,9,2016-09-01,2016-09-01,2016-10-01,0.11,0.12333333333333334,-0.65,0.35666666666666663
2016,10,2016-10-01,2016-10-01,2016-11-01,0.09,0.12333333333333334,-0.78,0.35666666666666663
2016,11,2016-11-01,2016-11-01,2016-12-01,0.15,0.12333333333333334,-0.8,0.35666666666666663
2016,12,2016-12-01,2016-12-01,2017-01-01,-0.09,0.12333333333333334,-0.55,0.35666666666666663
2017,1,2017-01-01,2017-01-01,2017-02-01,-0.3,-0.23166666666666666,-0.33,-0.17666666666666667
2017,2,2017-02-01,2017-02-01,2017-03-01,-0.16,-0.23166666666666666,0.02,-0.17666666666666667
2017,3,2017-03-01,2017-03-01,2017-04-01,-0.27,-0.23166666666666666,0.12,-0.17666666666666667
2017,4,2017-04-01,2017-04-01,2017-05-01,-0.02,-0.23166666666666666,0.3,-0.17666666666666667
2017,5,2017-05-01,2017-05-01,2017-06-01,-0.06,-0.23166666666666666,0.45,-0.17666666666666667
2017,6,2017-06-01,2017-06-01,2017-07-01,-0.25,-0.23166666666666666,0.41,-0.17666666666666667
2017,7,2017-07-01,2017-07-01,2017-08-01,-0.3,-0.23166666666666666,0.28,-0.17666666666666667
2017,8,2017-08-01,2017-08-01,2017-09-01,-0.19,-0.23166666666666666,-0.21,-0.17666666666666667
2017,9,2017-09-01,2017-09-01,2017-10-01,-0.34,-0.23166666666666666,-0.51,-0.17666666666666667
2017,10,2017-10-01,2017-10-01,2017-11-01,-0.28,-0.23166666666666666,-0.6,-0.17666666666666667
2017,11,2017-11-01,2017-11-01,2017-12-01,-0.29,-0.23166666666666666,-1.01,-0.17666666666666667
2017,12,2017-12-01,2017-12-01,2018-01-01,-0.32,-0.23166666666666666,-1.04,-0.17666666666666667
2018,1,2018-01-01,2018-01-01,2018-02-01,-0.4,-0.8691666666666666,-0.88,0.039999999999999994
2018,2,2018-02-01,2018-02-01,2018-03-01,-0.51,-0.8691666666666666,-0.68,0.039999999999999994
2018,3,2018-03-01,2018-03-01,2018-04-01,-0.9,-0.8691666666666666,-0.71,0.039999999999999994
2018,4,2018-04-01,2018-04-01,2018-05-01,-0.84,-0.8691666666666666,-0.41,0.039999999999999994
2018,5,2018-05-01,2018-05-01,2018-06-01,-0.92,-0.8691666666666666,-0.11,0.039999999999999994
2018,6,2018-06-01,2018-06-01,2018-07-01,-0.98,-0.8691666666666666,0.12,0.039999999999999994
2018,7,2018-07-01,2018-07-01,2018-08-01,-0.96,-0.8691666666666666,0.16,0.039999999999999994
2018,8,2018-08-01,2018-08-01,2018-09-01,-1.03,-0.8691666666666666,0.04,0.039999999999999994
2018,9,2018-09-01,2018-09-01,2018-10-01,-1.29,-0.8691666666666666,0.39,0.039999999999999994
2018,10,2018-10-01,2018-10-01,2018-11-01,-0.99,-0.8691666666666666,0.86,0.039999999999999994
2018,11,2018-11-01,2018-11-01,2018-12-01,-0.8,-0.8691666666666666,0.86,0.039999999999999994
2018,12,2018-12-01,2018-12-01,2019-01-01,-0.81,-0.8691666666666666,0.84,0.039999999999999994
2019,1,2019-01-01,2019-01-01,2019-02-01,-1.04,-1.04,0.75,0.75
